2025-08-28 11:38:12,834 - ERROR - Uncaught exception
Traceback (most recent call last):
  File "E:\Satrio\Projects\MouseApp\daily_report.py", line 119, in <module>
    main()
    ~~~~^^
  File "E:\Satrio\Projects\MouseApp\daily_report.py", line 102, in main
    logger.info("Script started")
    ^^^^^^
UnboundLocalError: cannot access local variable 'logger' where it is not associated with a value
2025-08-28 11:38:28,482 - INFO - Script started
2025-08-28 11:38:28,484 - ERROR - Uncaught exception
Traceback (most recent call last):
  File "E:\Satrio\Projects\MouseApp\daily_report.py", line 119, in <module>
    main()
    ~~~~^^
  File "E:\Satrio\Projects\MouseApp\daily_report.py", line 113, in main
    daily_2(daily_sales_report, input_sheet, revenue_sheet)
    ~~~~~~~^^^^^^^^^^^^^^^^^^^^^^^^^^^^^^^^^^^^^^^^^^^^^^^^
  File "E:\Satrio\Projects\MouseApp\daily_report.py", line 49, in daily_2
    file_path = config.get("SETTINGS", "daily_report_2_path")
                ^^^^^^
NameError: name 'config' is not defined
2025-08-28 11:39:34,900 - INFO - Script started
2025-08-28 11:39:37,012 - INFO - Script finished in 2.11 seconds
2025-08-28 11:41:15,183 - INFO - Script started
2025-08-28 11:41:15,697 - ERROR - Uncaught exception
Traceback (most recent call last):
  File "E:\Satrio\Projects\MouseApp\daily_report.py", line 121, in <module>
    main()
    ~~~~^^
  File "E:\Satrio\Projects\MouseApp\daily_report.py", line 115, in main
    daily_2(daily_sales_report, input_sheet, revenue_sheet)
    ~~~~~~~^^^^^^^^^^^^^^^^^^^^^^^^^^^^^^^^^^^^^^^^^^^^^^^^
  File "E:\Satrio\Projects\MouseApp\daily_report.py", line 67, in daily_2
    wb = get_or_open_wb(final_filename)
  File "E:\Satrio\Projects\MouseApp\daily_report.py", line 39, in get_or_open_wb
    logger.info("Workbook already open.")
    ^^^^^^
NameError: name 'logger' is not defined
2025-08-28 11:42:07,295 - INFO - Script started
2025-08-28 11:42:08,204 - ERROR - Uncaught exception
Traceback (most recent call last):
  File "E:\Satrio\Projects\MouseApp\daily_report.py", line 121, in <module>
    main()
    ~~~~^^
  File "E:\Satrio\Projects\MouseApp\daily_report.py", line 115, in main
    daily_2(daily_sales_report, input_sheet, revenue_sheet)
    ~~~~~~~^^^^^^^^^^^^^^^^^^^^^^^^^^^^^^^^^^^^^^^^^^^^^^^^
  File "E:\Satrio\Projects\MouseApp\daily_report.py", line 94, in daily_2
    logger.info("input row:",input_row, "row:",row, "value:",input_value)
    ^^^^^^
NameError: name 'logger' is not defined
2025-08-28 11:46:29,602 - ERROR - Uncaught exception
Traceback (most recent call last):
  File "E:\Satrio\Projects\MouseApp\daily_report.py", line 98, in <module>
    main()
    ~~~~^^
  File "E:\Satrio\Projects\MouseApp\daily_report.py", line 81, in main
    logger.info("Script started")
    ^^^^^^
UnboundLocalError: cannot access local variable 'logger' where it is not associated with a value
2025-08-28 11:48:09,271 - INFO - Script started
2025-08-28 11:48:09,771 - INFO - Workbook already open.
2025-08-28 11:48:09,837 - INFO - Workbook already open.
2025-08-28 11:48:10,756 - INFO - Script finished in 1.49 seconds
2025-08-28 11:53:25,405 - INFO - Script started
2025-08-28 11:53:25,882 - INFO - Opening new workbook.
2025-08-28 11:53:26,714 - INFO - Workbook already open.
2025-08-28 11:53:27,377 - INFO - Script running succesfully, finished in 1.97 seconds
2025-08-29 08:51:02,611 - INFO - Script started
2025-08-29 08:51:03,190 - INFO - Opening new workbook.
2025-08-29 08:51:04,209 - INFO - Workbook already open.
2025-08-29 08:51:04,905 - INFO - Script running succesfully, finished in 2.29 seconds
2025-08-29 08:54:40,365 - INFO - Script started
2025-08-29 08:54:40,923 - INFO - Opening new workbook.
2025-08-29 08:54:41,749 - INFO - Opening new workbook.
2025-08-29 08:54:44,437 - INFO - Script running succesfully, finished in 4.07 seconds
2025-08-29 09:04:21,367 - INFO - Script started
2025-08-29 09:04:22,040 - INFO - Workbook already open.
2025-08-29 09:04:22,089 - INFO - Opening new workbook.
2025-08-29 09:04:25,350 - INFO - Script running succesfully, finished in 3.98 seconds
2025-09-02 07:51:39,377 - INFO - Script started
2025-09-02 07:51:40,085 - INFO - Opening new workbook.
2025-09-02 07:51:41,057 - INFO - Workbook already open.
2025-09-02 07:51:41,755 - INFO - Script running succesfully, finished in 2.38 seconds
2025-09-02 07:53:57,129 - INFO - Script started
2025-09-02 07:53:57,813 - INFO - Opening new workbook.
2025-09-02 07:53:58,709 - INFO - Opening new workbook.
2025-09-02 07:54:01,644 - INFO - Script running succesfully, finished in 4.51 seconds
2025-09-03 08:24:06,943 - INFO - Script started
2025-09-03 08:24:08,700 - INFO - Opening new workbook.
2025-09-03 08:24:10,491 - INFO - Workbook already open.
2025-09-03 08:24:11,651 - INFO - Script running succesfully, finished in 4.71 seconds
2025-09-04 08:55:54,247 - INFO - Script started
2025-09-04 08:55:54,912 - INFO - Opening new workbook.
2025-09-04 08:55:56,042 - INFO - Workbook already open.
2025-09-04 08:55:56,893 - INFO - Script running succesfully, finished in 2.65 seconds
2025-09-05 09:16:45,160 - INFO - Script started
2025-09-05 09:16:45,867 - INFO - Opening new workbook.
2025-09-05 09:16:46,966 - INFO - Opening new workbook.
2025-09-05 09:16:49,808 - INFO - Script running succesfully, finished in 4.65 seconds
2025-09-06 09:01:34,755 - INFO - Script started
2025-09-06 09:01:35,632 - INFO - Opening new workbook.
2025-09-06 09:01:36,909 - INFO - Workbook already open.
2025-09-06 09:01:37,623 - INFO - Script running succesfully, finished in 2.87 seconds
2025-09-07 10:03:43,966 - INFO - Script started
2025-09-07 10:03:44,830 - INFO - Opening new workbook.
2025-09-07 10:03:45,914 - INFO - Workbook already open.
2025-09-07 10:03:46,641 - INFO - Script running succesfully, finished in 2.67 seconds
2025-09-08 08:22:55,233 - INFO - Script started
2025-09-08 08:22:55,808 - INFO - Opening new workbook.
2025-09-08 08:22:56,734 - INFO - Opening new workbook.
2025-09-08 08:22:59,421 - INFO - Script running succesfully, finished in 4.19 seconds
2025-09-09 08:39:42,030 - INFO - Script started
2025-09-09 08:39:42,591 - INFO - Opening new workbook.
2025-09-09 08:39:42,595 - ERROR - Uncaught exception
Traceback (most recent call last):
  File "E:\Satrio\Projects\MouseApp\daily_report.py", line 99, in <module>
    main()
    ~~~~^^
  File "E:\Satrio\Projects\MouseApp\daily_report.py", line 92, in main
    daily_2(daily_sales_report, input_sheet, revenue_sheet)
    ~~~~~~~^^^^^^^^^^^^^^^^^^^^^^^^^^^^^^^^^^^^^^^^^^^^^^^^
  File "E:\Satrio\Projects\MouseApp\daily_report.py", line 45, in daily_2
    wb = get_or_open_wb(final_filename)
  File "E:\Satrio\Projects\MouseApp\daily_report.py", line 22, in get_or_open_wb
    return xw.books.open(filepath)
           ~~~~~~~~~~~~~^^^^^^^^^^
  File "E:\Satrio\Projects\MouseApp\venv\Lib\site-packages\xlwings\main.py", line 5174, in open
    raise FileNotFoundError("No such file: '%s'" % fullname)
FileNotFoundError: No such file: 'E:\1. Sales Strategy\2025\1. DAILY REPORT\250908★ 25년 9월 해외점포 실적동향 (자카르탇점).xlsx'
2025-09-09 08:39:57,603 - INFO - Script started
2025-09-09 08:39:58,090 - INFO - Opening new workbook.
2025-09-09 08:39:58,998 - INFO - Workbook already open.
2025-09-09 08:39:59,658 - INFO - Script running succesfully, finished in 2.06 seconds
2025-09-10 08:23:19,794 - INFO - Script started
2025-09-10 08:23:20,892 - INFO - Opening new workbook.
2025-09-10 08:23:22,214 - INFO - Workbook already open.
2025-09-10 08:23:23,048 - INFO - Script running succesfully, finished in 3.25 seconds
2025-09-11 08:24:26,861 - INFO - Script started
2025-09-11 08:24:27,280 - INFO - Opening new workbook.
2025-09-11 08:24:27,995 - INFO - Workbook already open.
2025-09-11 08:24:28,619 - INFO - Script running succesfully, finished in 1.76 seconds
2025-09-12 09:01:58,724 - INFO - Opening new workbook.
2025-09-12 10:33:15,626 - INFO - === Sales automation started ===
2025-09-12 10:34:45,415 - ERROR - Automation failed with an error
Traceback (most recent call last):
  File "E:\Satrio\Projects\MouseApp\main.py", line 252, in run_sales_automation
    sato.input_sales(input_date.day)
    ~~~~~~~~~~~~~~~~^^^^^^^^^^^^^^^^
  File "E:\Satrio\Projects\MouseApp\sales_auto.py", line 29, in input_sales
    addin = app.books.open(addin_path)
                           ^^^^^^^^^^
NameError: name 'addin_path' is not defined
2025-09-12 10:34:45,419 - INFO - Start time : 2025-09-12 10:33:15
2025-09-12 10:34:45,419 - INFO - End time   : 2025-09-12 10:34:45
2025-09-12 10:34:45,419 - INFO - Elapsed    : 1m 29s
2025-09-12 10:34:45,420 - ERROR - Uncaught exception
Traceback (most recent call last):
  File "E:\Satrio\Projects\MouseApp\main.py", line 277, in <module>
    run_sales_automation()
    ~~~~~~~~~~~~~~~~~~~~^^
  File "E:\Satrio\Projects\MouseApp\main.py", line 252, in run_sales_automation
    sato.input_sales(input_date.day)
    ~~~~~~~~~~~~~~~~^^^^^^^^^^^^^^^^
  File "E:\Satrio\Projects\MouseApp\sales_auto.py", line 29, in input_sales
    addin = app.books.open(addin_path)
                           ^^^^^^^^^^
NameError: name 'addin_path' is not defined
2025-09-12 10:37:15,356 - INFO - === Sales automation started ===
2025-09-12 10:38:40,825 - ERROR - Error during input_sales execution
Traceback (most recent call last):
  File "E:\Satrio\Projects\MouseApp\sales_auto.py", line 33, in input_sales
    daily = _get_or_open_wb(path["daily_report"])
                            ^^^^
UnboundLocalError: cannot access local variable 'path' where it is not associated with a value
2025-09-12 10:38:41,221 - ERROR - Automation failed with an error
Traceback (most recent call last):
  File "E:\Satrio\Projects\MouseApp\sales_auto.py", line 33, in input_sales
    daily = _get_or_open_wb(path["daily_report"])
                            ^^^^
UnboundLocalError: cannot access local variable 'path' where it is not associated with a value

During handling of the above exception, another exception occurred:

Traceback (most recent call last):
  File "E:\Satrio\Projects\MouseApp\main.py", line 252, in run_sales_automation
    sato.input_sales(input_date.day)
    ~~~~~~~~~~~~~~~~^^^^^^^^^^^^^^^^
  File "E:\Satrio\Projects\MouseApp\sales_auto.py", line 72, in input_sales
    elapsed = time.time() - start_time
                            ^^^^^^^^^^
NameError: name 'start_time' is not defined
2025-09-12 10:38:41,224 - INFO - Start time : 2025-09-12 10:37:15
2025-09-12 10:38:41,224 - INFO - End time   : 2025-09-12 10:38:41
2025-09-12 10:38:41,224 - INFO - Elapsed    : 1m 25s
2025-09-12 10:38:41,224 - ERROR - Uncaught exception
Traceback (most recent call last):
  File "E:\Satrio\Projects\MouseApp\sales_auto.py", line 33, in input_sales
    daily = _get_or_open_wb(path["daily_report"])
                            ^^^^
UnboundLocalError: cannot access local variable 'path' where it is not associated with a value

During handling of the above exception, another exception occurred:

Traceback (most recent call last):
  File "E:\Satrio\Projects\MouseApp\main.py", line 277, in <module>
    run_sales_automation()
    ~~~~~~~~~~~~~~~~~~~~^^
  File "E:\Satrio\Projects\MouseApp\main.py", line 252, in run_sales_automation
    sato.input_sales(input_date.day)
    ~~~~~~~~~~~~~~~~^^^^^^^^^^^^^^^^
  File "E:\Satrio\Projects\MouseApp\sales_auto.py", line 72, in input_sales
    elapsed = time.time() - start_time
                            ^^^^^^^^^^
NameError: name 'start_time' is not defined
2025-09-12 10:41:31,625 - INFO - === Sales automation started ===
2025-09-12 10:42:25,964 - INFO - Start time : 2025-09-12 10:41:31
2025-09-12 10:42:25,965 - INFO - End time   : 2025-09-12 10:42:25
2025-09-12 10:42:25,965 - INFO - Elapsed    : 0m 54s
2025-09-12 10:42:58,056 - INFO - === Sales automation started ===
2025-09-12 10:44:22,574 - INFO - === input_sales started for day 11 ===
2025-09-12 10:44:23,367 - INFO - Opening new workbook: {filepath}
2025-09-12 10:44:25,152 - ERROR - Error during input_sales execution
Traceback (most recent call last):
  File "E:\Satrio\Projects\MouseApp\sales_auto.py", line 47, in input_sales
    gf_values = _run_macro_and_get_values(file_path_gf, "GF", "B29:B31")
                                          ^^^^^^^^^^^^
NameError: name 'file_path_gf' is not defined
2025-09-12 10:44:25,477 - INFO - === input_sales finished in 0m 2s ===
2025-09-12 10:44:25,478 - ERROR - Automation failed with an error
Traceback (most recent call last):
  File "E:\Satrio\Projects\MouseApp\main.py", line 252, in run_sales_automation
    sato.input_sales(input_date.day)
    ~~~~~~~~~~~~~~~~^^^^^^^^^^^^^^^^
  File "E:\Satrio\Projects\MouseApp\sales_auto.py", line 47, in input_sales
    gf_values = _run_macro_and_get_values(file_path_gf, "GF", "B29:B31")
                                          ^^^^^^^^^^^^
NameError: name 'file_path_gf' is not defined
2025-09-12 10:44:25,479 - INFO - Start time : 2025-09-12 10:42:58
2025-09-12 10:44:25,479 - INFO - End time   : 2025-09-12 10:44:25
2025-09-12 10:44:25,479 - INFO - Elapsed    : 1m 27s
2025-09-12 10:44:25,479 - ERROR - Uncaught exception
Traceback (most recent call last):
  File "E:\Satrio\Projects\MouseApp\main.py", line 277, in <module>
    run_sales_automation()
    ~~~~~~~~~~~~~~~~~~~~^^
  File "E:\Satrio\Projects\MouseApp\main.py", line 252, in run_sales_automation
    sato.input_sales(input_date.day)
    ~~~~~~~~~~~~~~~~^^^^^^^^^^^^^^^^
  File "E:\Satrio\Projects\MouseApp\sales_auto.py", line 47, in input_sales
    gf_values = _run_macro_and_get_values(file_path_gf, "GF", "B29:B31")
                                          ^^^^^^^^^^^^
NameError: name 'file_path_gf' is not defined
2025-09-12 10:47:00,246 - INFO - === Sales automation started ===
2025-09-12 10:48:25,129 - INFO - === input_sales started for day 11 ===
2025-09-12 10:48:26,029 - INFO - Opening new workbook: {filepath}
2025-09-12 10:48:27,737 - ERROR - Error during input_sales execution
Traceback (most recent call last):
  File "E:\Satrio\Projects\MouseApp\sales_auto.py", line 47, in input_sales
    gf_values = _run_macro_and_get_values(paths["file_path_gf"], "GF", "B29:B31")
  File "E:\Satrio\Projects\MouseApp\sales_auto.py", line 108, in _run_macro_and_get_values
    wb = app.books.open(wb_path)
         ^^^
NameError: name 'app' is not defined
2025-09-12 10:48:28,009 - INFO - === input_sales finished in 0m 2s ===
2025-09-12 10:48:28,009 - ERROR - Automation failed with an error
Traceback (most recent call last):
  File "E:\Satrio\Projects\MouseApp\main.py", line 252, in run_sales_automation
    sato.input_sales(input_date.day)
    ~~~~~~~~~~~~~~~~^^^^^^^^^^^^^^^^
  File "E:\Satrio\Projects\MouseApp\sales_auto.py", line 47, in input_sales
    gf_values = _run_macro_and_get_values(paths["file_path_gf"], "GF", "B29:B31")
  File "E:\Satrio\Projects\MouseApp\sales_auto.py", line 108, in _run_macro_and_get_values
    wb = app.books.open(wb_path)
         ^^^
NameError: name 'app' is not defined
2025-09-12 10:48:28,010 - INFO - Start time : 2025-09-12 10:47:00
2025-09-12 10:48:28,010 - INFO - End time   : 2025-09-12 10:48:28
2025-09-12 10:48:28,010 - INFO - Elapsed    : 1m 27s
2025-09-12 10:48:28,010 - ERROR - Uncaught exception
Traceback (most recent call last):
  File "E:\Satrio\Projects\MouseApp\main.py", line 277, in <module>
    run_sales_automation()
    ~~~~~~~~~~~~~~~~~~~~^^
  File "E:\Satrio\Projects\MouseApp\main.py", line 252, in run_sales_automation
    sato.input_sales(input_date.day)
    ~~~~~~~~~~~~~~~~^^^^^^^^^^^^^^^^
  File "E:\Satrio\Projects\MouseApp\sales_auto.py", line 47, in input_sales
    gf_values = _run_macro_and_get_values(paths["file_path_gf"], "GF", "B29:B31")
  File "E:\Satrio\Projects\MouseApp\sales_auto.py", line 108, in _run_macro_and_get_values
    wb = app.books.open(wb_path)
         ^^^
NameError: name 'app' is not defined
2025-09-12 10:49:27,639 - INFO - === Sales automation started ===
2025-09-12 10:50:50,079 - INFO - === input_sales started for day 11 ===
2025-09-12 10:50:50,960 - INFO - Opening new workbook: {filepath}
2025-09-12 10:50:52,637 - ERROR - Error during input_sales execution
Traceback (most recent call last):
  File "E:\Satrio\Projects\MouseApp\sales_auto.py", line 47, in input_sales
    gf_values = _run_macro_and_get_values(paths["file_path_gf"], "GF", "B29:B31")
TypeError: _run_macro_and_get_values() missing 1 required positional argument: 'cell_range'
2025-09-12 10:50:52,962 - INFO - === input_sales finished in 0m 2s ===
2025-09-12 10:50:52,962 - ERROR - Automation failed with an error
Traceback (most recent call last):
  File "E:\Satrio\Projects\MouseApp\main.py", line 252, in run_sales_automation
    sato.input_sales(input_date.day)
    ~~~~~~~~~~~~~~~~^^^^^^^^^^^^^^^^
  File "E:\Satrio\Projects\MouseApp\sales_auto.py", line 47, in input_sales
    gf_values = _run_macro_and_get_values(paths["file_path_gf"], "GF", "B29:B31")
TypeError: _run_macro_and_get_values() missing 1 required positional argument: 'cell_range'
2025-09-12 10:50:52,963 - INFO - Start time : 2025-09-12 10:49:27
2025-09-12 10:50:52,963 - INFO - End time   : 2025-09-12 10:50:52
2025-09-12 10:50:52,963 - INFO - Elapsed    : 1m 25s
2025-09-12 10:50:52,963 - ERROR - Uncaught exception
Traceback (most recent call last):
  File "E:\Satrio\Projects\MouseApp\main.py", line 277, in <module>
    run_sales_automation()
    ~~~~~~~~~~~~~~~~~~~~^^
  File "E:\Satrio\Projects\MouseApp\main.py", line 252, in run_sales_automation
    sato.input_sales(input_date.day)
    ~~~~~~~~~~~~~~~~^^^^^^^^^^^^^^^^
  File "E:\Satrio\Projects\MouseApp\sales_auto.py", line 47, in input_sales
    gf_values = _run_macro_and_get_values(paths["file_path_gf"], "GF", "B29:B31")
TypeError: _run_macro_and_get_values() missing 1 required positional argument: 'cell_range'
2025-09-12 10:54:05,595 - INFO - === Sales automation started ===
2025-09-12 10:55:31,156 - INFO - === input_sales started for day 11 ===
2025-09-12 10:55:32,023 - INFO - Opening new workbook: {filepath}
2025-09-12 10:55:35,488 - ERROR - Error during input_sales execution
Traceback (most recent call last):
  File "E:\Satrio\Projects\MouseApp\sales_auto.py", line 53, in input_sales
    values = _run_macro_and_get_values(
        path, floor.upper(), "B29:B33" if floor == "1f" else "B29:B31"
    )
TypeError: _run_macro_and_get_values() missing 1 required positional argument: 'cell_range'
2025-09-12 10:55:35,829 - INFO - === input_sales finished in 0m 4s ===
2025-09-12 10:55:35,829 - ERROR - Automation failed with an error
Traceback (most recent call last):
  File "E:\Satrio\Projects\MouseApp\main.py", line 252, in run_sales_automation
    sato.input_sales(input_date.day)
    ~~~~~~~~~~~~~~~~^^^^^^^^^^^^^^^^
  File "E:\Satrio\Projects\MouseApp\sales_auto.py", line 53, in input_sales
    values = _run_macro_and_get_values(
        path, floor.upper(), "B29:B33" if floor == "1f" else "B29:B31"
    )
TypeError: _run_macro_and_get_values() missing 1 required positional argument: 'cell_range'
2025-09-12 10:55:35,830 - INFO - Start time : 2025-09-12 10:54:05
2025-09-12 10:55:35,830 - INFO - End time   : 2025-09-12 10:55:35
2025-09-12 10:55:35,830 - INFO - Elapsed    : 1m 30s
2025-09-12 10:55:35,831 - ERROR - Uncaught exception
Traceback (most recent call last):
  File "E:\Satrio\Projects\MouseApp\main.py", line 277, in <module>
    run_sales_automation()
    ~~~~~~~~~~~~~~~~~~~~^^
  File "E:\Satrio\Projects\MouseApp\main.py", line 252, in run_sales_automation
    sato.input_sales(input_date.day)
    ~~~~~~~~~~~~~~~~^^^^^^^^^^^^^^^^
  File "E:\Satrio\Projects\MouseApp\sales_auto.py", line 53, in input_sales
    values = _run_macro_and_get_values(
        path, floor.upper(), "B29:B33" if floor == "1f" else "B29:B31"
    )
TypeError: _run_macro_and_get_values() missing 1 required positional argument: 'cell_range'
2025-09-12 10:56:24,258 - INFO - === Sales automation started ===
2025-09-12 10:56:27,231 - ERROR - Automation failed with an error
Traceback (most recent call last):
  File "E:\Satrio\Projects\MouseApp\main.py", line 205, in run_sales_automation
    input_date = ask_for_date()
  File "E:\Satrio\Projects\MouseApp\main.py", line 38, in ask_for_date
    return datetime(today.year, today.month, int(day_str))
                                             ~~~^^^^^^^^^
TypeError: int() argument must be a string, a bytes-like object or a real number, not 'NoneType'
2025-09-12 10:56:27,233 - INFO - Start time : 2025-09-12 10:56:24
2025-09-12 10:56:27,233 - INFO - End time   : 2025-09-12 10:56:27
2025-09-12 10:56:27,233 - INFO - Elapsed    : 0m 2s
2025-09-12 10:56:27,233 - ERROR - Uncaught exception
Traceback (most recent call last):
  File "E:\Satrio\Projects\MouseApp\main.py", line 277, in <module>
    run_sales_automation()
    ~~~~~~~~~~~~~~~~~~~~^^
  File "E:\Satrio\Projects\MouseApp\main.py", line 205, in run_sales_automation
    input_date = ask_for_date()
  File "E:\Satrio\Projects\MouseApp\main.py", line 38, in ask_for_date
    return datetime(today.year, today.month, int(day_str))
                                             ~~~^^^^^^^^^
TypeError: int() argument must be a string, a bytes-like object or a real number, not 'NoneType'
2025-09-12 10:56:34,838 - INFO - === Sales automation started ===
2025-09-12 10:56:38,264 - ERROR - Automation failed with an error
Traceback (most recent call last):
  File "E:\Satrio\Projects\MouseApp\main.py", line 205, in run_sales_automation
    input_date = ask_for_date()
  File "E:\Satrio\Projects\MouseApp\main.py", line 38, in ask_for_date
    return datetime(today.year, today.month, int(day_str))
                                             ~~~^^^^^^^^^
ValueError: invalid literal for int() with base 10: 'a'
2025-09-12 10:56:38,265 - INFO - Start time : 2025-09-12 10:56:34
2025-09-12 10:56:38,265 - INFO - End time   : 2025-09-12 10:56:38
2025-09-12 10:56:38,265 - INFO - Elapsed    : 0m 3s
2025-09-12 10:56:38,266 - ERROR - Uncaught exception
Traceback (most recent call last):
  File "E:\Satrio\Projects\MouseApp\main.py", line 277, in <module>
    run_sales_automation()
    ~~~~~~~~~~~~~~~~~~~~^^
  File "E:\Satrio\Projects\MouseApp\main.py", line 205, in run_sales_automation
    input_date = ask_for_date()
  File "E:\Satrio\Projects\MouseApp\main.py", line 38, in ask_for_date
    return datetime(today.year, today.month, int(day_str))
                                             ~~~^^^^^^^^^
ValueError: invalid literal for int() with base 10: 'a'
2025-09-12 10:56:45,699 - INFO - === Sales automation started ===
2025-09-12 10:56:49,191 - ERROR - Automation failed with an error
Traceback (most recent call last):
  File "E:\Satrio\Projects\MouseApp\main.py", line 205, in run_sales_automation
    input_date = ask_for_date()
  File "E:\Satrio\Projects\MouseApp\main.py", line 38, in ask_for_date
    return datetime(today.year, today.month, int(day_str))
ValueError: day is out of range for month
2025-09-12 10:56:49,193 - INFO - Start time : 2025-09-12 10:56:45
2025-09-12 10:56:49,193 - INFO - End time   : 2025-09-12 10:56:49
2025-09-12 10:56:49,193 - INFO - Elapsed    : 0m 3s
2025-09-12 10:56:49,193 - ERROR - Uncaught exception
Traceback (most recent call last):
  File "E:\Satrio\Projects\MouseApp\main.py", line 277, in <module>
    run_sales_automation()
    ~~~~~~~~~~~~~~~~~~~~^^
  File "E:\Satrio\Projects\MouseApp\main.py", line 205, in run_sales_automation
    input_date = ask_for_date()
  File "E:\Satrio\Projects\MouseApp\main.py", line 38, in ask_for_date
    return datetime(today.year, today.month, int(day_str))
ValueError: day is out of range for month
2025-09-12 10:56:57,600 - INFO - === Sales automation started ===
2025-09-12 10:58:25,312 - INFO - === input_sales started for day 11 ===
2025-09-12 10:58:26,090 - INFO - Opening new workbook: {filepath}
2025-09-12 10:58:34,713 - ERROR - Error during input_sales execution
Traceback (most recent call last):
  File "E:\Satrio\Projects\MouseApp\sales_auto.py", line 59, in input_sales
    _input_sheet_sales(app, input_sheet)
    ~~~~~~~~~~~~~~~~~~^^^^^^^^^^^^^^^^^^
  File "E:\Satrio\Projects\MouseApp\sales_auto.py", line 138, in _input_sheet_sales
    wb = app.books.open(totalSales)
                        ^^^^^^^^^^
NameError: name 'totalSales' is not defined
2025-09-12 10:58:34,978 - INFO - === input_sales finished in 0m 9s ===
2025-09-12 10:58:34,978 - ERROR - Automation failed with an error
Traceback (most recent call last):
  File "E:\Satrio\Projects\MouseApp\main.py", line 252, in run_sales_automation
    sato.input_sales(input_date.day)
    ~~~~~~~~~~~~~~~~^^^^^^^^^^^^^^^^
  File "E:\Satrio\Projects\MouseApp\sales_auto.py", line 59, in input_sales
    _input_sheet_sales(app, input_sheet)
    ~~~~~~~~~~~~~~~~~~^^^^^^^^^^^^^^^^^^
  File "E:\Satrio\Projects\MouseApp\sales_auto.py", line 138, in _input_sheet_sales
    wb = app.books.open(totalSales)
                        ^^^^^^^^^^
NameError: name 'totalSales' is not defined
2025-09-12 10:58:34,979 - INFO - Start time : 2025-09-12 10:56:57
2025-09-12 10:58:34,979 - INFO - End time   : 2025-09-12 10:58:34
2025-09-12 10:58:34,979 - INFO - Elapsed    : 1m 37s
2025-09-12 10:58:34,980 - ERROR - Uncaught exception
Traceback (most recent call last):
  File "E:\Satrio\Projects\MouseApp\main.py", line 277, in <module>
    run_sales_automation()
    ~~~~~~~~~~~~~~~~~~~~^^
  File "E:\Satrio\Projects\MouseApp\main.py", line 252, in run_sales_automation
    sato.input_sales(input_date.day)
    ~~~~~~~~~~~~~~~~^^^^^^^^^^^^^^^^
  File "E:\Satrio\Projects\MouseApp\sales_auto.py", line 59, in input_sales
    _input_sheet_sales(app, input_sheet)
    ~~~~~~~~~~~~~~~~~~^^^^^^^^^^^^^^^^^^
  File "E:\Satrio\Projects\MouseApp\sales_auto.py", line 138, in _input_sheet_sales
    wb = app.books.open(totalSales)
                        ^^^^^^^^^^
NameError: name 'totalSales' is not defined
2025-09-12 11:00:39,925 - INFO - === Sales automation started ===
2025-09-12 11:02:03,389 - INFO - === input_sales started for day 11 ===
2025-09-12 11:02:04,188 - INFO - Opening new workbook: {filepath}
2025-09-12 11:02:12,946 - ERROR - Error during input_sales execution
Traceback (most recent call last):
  File "E:\Satrio\Projects\MouseApp\sales_auto.py", line 59, in input_sales
    _input_sheet_sales(app, input_sheet)
    ~~~~~~~~~~~~~~~~~~^^^^^^^^^^^^^^^^^^
  File "E:\Satrio\Projects\MouseApp\sales_auto.py", line 138, in _input_sheet_sales
    wb = app.books.open(paths["totalSales"])
                        ^^^^^
NameError: name 'paths' is not defined
2025-09-12 11:02:13,332 - INFO - === input_sales finished in 0m 9s ===
2025-09-12 11:02:13,333 - ERROR - Automation failed with an error
Traceback (most recent call last):
  File "E:\Satrio\Projects\MouseApp\main.py", line 252, in run_sales_automation
    sato.input_sales(input_date.day)
    ~~~~~~~~~~~~~~~~^^^^^^^^^^^^^^^^
  File "E:\Satrio\Projects\MouseApp\sales_auto.py", line 59, in input_sales
    _input_sheet_sales(app, input_sheet)
    ~~~~~~~~~~~~~~~~~~^^^^^^^^^^^^^^^^^^
  File "E:\Satrio\Projects\MouseApp\sales_auto.py", line 138, in _input_sheet_sales
    wb = app.books.open(paths["totalSales"])
                        ^^^^^
NameError: name 'paths' is not defined
2025-09-12 11:02:13,334 - INFO - Start time : 2025-09-12 11:00:39
2025-09-12 11:02:13,334 - INFO - End time   : 2025-09-12 11:02:13
2025-09-12 11:02:13,334 - INFO - Elapsed    : 1m 33s
2025-09-12 11:02:13,334 - ERROR - Uncaught exception
Traceback (most recent call last):
  File "E:\Satrio\Projects\MouseApp\main.py", line 277, in <module>
    run_sales_automation()
    ~~~~~~~~~~~~~~~~~~~~^^
  File "E:\Satrio\Projects\MouseApp\main.py", line 252, in run_sales_automation
    sato.input_sales(input_date.day)
    ~~~~~~~~~~~~~~~~^^^^^^^^^^^^^^^^
  File "E:\Satrio\Projects\MouseApp\sales_auto.py", line 59, in input_sales
    _input_sheet_sales(app, input_sheet)
    ~~~~~~~~~~~~~~~~~~^^^^^^^^^^^^^^^^^^
  File "E:\Satrio\Projects\MouseApp\sales_auto.py", line 138, in _input_sheet_sales
    wb = app.books.open(paths["totalSales"])
                        ^^^^^
NameError: name 'paths' is not defined
2025-09-12 11:07:33,625 - INFO - === Sales automation started ===
2025-09-12 11:08:58,063 - INFO - === input_sales started for day 11 ===
2025-09-12 11:08:58,862 - INFO - Opening new workbook: {filepath}
2025-09-12 11:09:07,496 - ERROR - Error during input_sales execution
Traceback (most recent call last):
  File "E:\Satrio\Projects\MouseApp\sales_auto.py", line 59, in input_sales
    _input_sheet_sales(app, input_sheet, paths["total_sales"])
    ~~~~~~~~~~~~~~~~~~^^^^^^^^^^^^^^^^^^^^^^^^^^^^^^^^^^^^^^^^
  File "E:\Satrio\Projects\MouseApp\sales_auto.py", line 138, in _input_sheet_sales
    wb = app.books.open(total_sales)
  File "E:\Satrio\Projects\MouseApp\venv\Lib\site-packages\xlwings\main.py", line 5174, in open
    raise FileNotFoundError("No such file: '%s'" % fullname)
FileNotFoundError: No such file: 'C:\IRIS\SRC\totalSales.xls'
2025-09-12 11:09:07,816 - INFO - === input_sales finished in 0m 9s ===
2025-09-12 11:09:07,816 - ERROR - Automation failed with an error
Traceback (most recent call last):
  File "E:\Satrio\Projects\MouseApp\main.py", line 252, in run_sales_automation
    sato.input_sales(input_date.day)
    ~~~~~~~~~~~~~~~~^^^^^^^^^^^^^^^^
  File "E:\Satrio\Projects\MouseApp\sales_auto.py", line 59, in input_sales
    _input_sheet_sales(app, input_sheet, paths["total_sales"])
    ~~~~~~~~~~~~~~~~~~^^^^^^^^^^^^^^^^^^^^^^^^^^^^^^^^^^^^^^^^
  File "E:\Satrio\Projects\MouseApp\sales_auto.py", line 138, in _input_sheet_sales
    wb = app.books.open(total_sales)
  File "E:\Satrio\Projects\MouseApp\venv\Lib\site-packages\xlwings\main.py", line 5174, in open
    raise FileNotFoundError("No such file: '%s'" % fullname)
FileNotFoundError: No such file: 'C:\IRIS\SRC\totalSales.xls'
2025-09-12 11:09:07,817 - INFO - Start time : 2025-09-12 11:07:33
2025-09-12 11:09:07,817 - INFO - End time   : 2025-09-12 11:09:07
2025-09-12 11:09:07,817 - INFO - Elapsed    : 1m 34s
2025-09-12 11:09:07,818 - ERROR - Uncaught exception
Traceback (most recent call last):
  File "E:\Satrio\Projects\MouseApp\main.py", line 277, in <module>
    run_sales_automation()
    ~~~~~~~~~~~~~~~~~~~~^^
  File "E:\Satrio\Projects\MouseApp\main.py", line 252, in run_sales_automation
    sato.input_sales(input_date.day)
    ~~~~~~~~~~~~~~~~^^^^^^^^^^^^^^^^
  File "E:\Satrio\Projects\MouseApp\sales_auto.py", line 59, in input_sales
    _input_sheet_sales(app, input_sheet, paths["total_sales"])
    ~~~~~~~~~~~~~~~~~~^^^^^^^^^^^^^^^^^^^^^^^^^^^^^^^^^^^^^^^^
  File "E:\Satrio\Projects\MouseApp\sales_auto.py", line 138, in _input_sheet_sales
    wb = app.books.open(total_sales)
  File "E:\Satrio\Projects\MouseApp\venv\Lib\site-packages\xlwings\main.py", line 5174, in open
    raise FileNotFoundError("No such file: '%s'" % fullname)
FileNotFoundError: No such file: 'C:\IRIS\SRC\totalSales.xls'
2025-09-12 11:09:40,313 - INFO - === Sales automation started ===
2025-09-12 11:09:43,734 - ERROR - Automation failed with an error
Traceback (most recent call last):
  File "E:\Satrio\Projects\MouseApp\main.py", line 205, in run_sales_automation
    input_date = ask_for_date()
  File "E:\Satrio\Projects\MouseApp\main.py", line 38, in ask_for_date
    return datetime(today.year, today.month, int(day_str))
                                             ~~~^^^^^^^^^
TypeError: int() argument must be a string, a bytes-like object or a real number, not 'NoneType'
2025-09-12 11:09:43,735 - INFO - Start time : 2025-09-12 11:09:40
2025-09-12 11:09:43,735 - INFO - End time   : 2025-09-12 11:09:43
2025-09-12 11:09:43,735 - INFO - Elapsed    : 0m 3s
2025-09-12 11:09:43,736 - ERROR - Uncaught exception
Traceback (most recent call last):
  File "E:\Satrio\Projects\MouseApp\main.py", line 277, in <module>
    run_sales_automation()
    ~~~~~~~~~~~~~~~~~~~~^^
  File "E:\Satrio\Projects\MouseApp\main.py", line 205, in run_sales_automation
    input_date = ask_for_date()
  File "E:\Satrio\Projects\MouseApp\main.py", line 38, in ask_for_date
    return datetime(today.year, today.month, int(day_str))
                                             ~~~^^^^^^^^^
TypeError: int() argument must be a string, a bytes-like object or a real number, not 'NoneType'
2025-09-12 11:09:51,906 - INFO - === Sales automation started ===
2025-09-12 11:09:56,117 - ERROR - Automation failed with an error
Traceback (most recent call last):
  File "E:\Satrio\Projects\MouseApp\main.py", line 205, in run_sales_automation
    input_date = ask_for_date()
  File "E:\Satrio\Projects\MouseApp\main.py", line 38, in ask_for_date
    return datetime(today.year, today.month, int(day_str))
                                             ~~~^^^^^^^^^
TypeError: int() argument must be a string, a bytes-like object or a real number, not 'NoneType'
2025-09-12 11:09:56,119 - INFO - Start time : 2025-09-12 11:09:51
2025-09-12 11:09:56,119 - INFO - End time   : 2025-09-12 11:09:56
2025-09-12 11:09:56,119 - INFO - Elapsed    : 0m 4s
2025-09-12 11:09:56,119 - ERROR - Uncaught exception
Traceback (most recent call last):
  File "E:\Satrio\Projects\MouseApp\main.py", line 277, in <module>
    run_sales_automation()
    ~~~~~~~~~~~~~~~~~~~~^^
  File "E:\Satrio\Projects\MouseApp\main.py", line 205, in run_sales_automation
    input_date = ask_for_date()
  File "E:\Satrio\Projects\MouseApp\main.py", line 38, in ask_for_date
    return datetime(today.year, today.month, int(day_str))
                                             ~~~^^^^^^^^^
TypeError: int() argument must be a string, a bytes-like object or a real number, not 'NoneType'
2025-09-12 11:18:51,680 - INFO - === Sales automation started ===
2025-09-12 11:20:19,247 - INFO - === input_sales started for day 11 ===
2025-09-12 11:20:20,179 - INFO - Opening new workbook: {filepath}
2025-09-12 11:20:29,444 - ERROR - Error during input_sales execution
Traceback (most recent call last):
  File "E:\Satrio\Projects\MouseApp\sales_auto.py", line 62, in input_sales
    _other_revenue_sales(app, input_sheet, other_sheet, paths["all_brand"])
    ~~~~~~~~~~~~~~~~~~~~^^^^^^^^^^^^^^^^^^^^^^^^^^^^^^^^^^^^^^^^^^^^^^^^^^^
  File "E:\Satrio\Projects\MouseApp\sales_auto.py", line 153, in _other_revenue_sales
    other_values = get_values_other(app, all_brand,"all_brand", "M2:M5")
                   ^^^^^^^^^^^^^^^^
NameError: name 'get_values_other' is not defined. Did you mean: '_get_values_other'?
2025-09-12 11:20:29,786 - INFO - === input_sales finished in 0m 10s ===
2025-09-12 11:20:29,787 - ERROR - Automation failed with an error
Traceback (most recent call last):
  File "E:\Satrio\Projects\MouseApp\main.py", line 252, in run_sales_automation
    sato.input_sales(input_date.day)
    ~~~~~~~~~~~~~~~~^^^^^^^^^^^^^^^^
  File "E:\Satrio\Projects\MouseApp\sales_auto.py", line 62, in input_sales
    _other_revenue_sales(app, input_sheet, other_sheet, paths["all_brand"])
    ~~~~~~~~~~~~~~~~~~~~^^^^^^^^^^^^^^^^^^^^^^^^^^^^^^^^^^^^^^^^^^^^^^^^^^^
  File "E:\Satrio\Projects\MouseApp\sales_auto.py", line 153, in _other_revenue_sales
    other_values = get_values_other(app, all_brand,"all_brand", "M2:M5")
                   ^^^^^^^^^^^^^^^^
NameError: name 'get_values_other' is not defined. Did you mean: '_get_values_other'?
2025-09-12 11:20:29,788 - INFO - Start time : 2025-09-12 11:18:51
2025-09-12 11:20:29,788 - INFO - End time   : 2025-09-12 11:20:29
2025-09-12 11:20:29,789 - INFO - Elapsed    : 1m 38s
2025-09-12 11:20:29,789 - ERROR - Uncaught exception
Traceback (most recent call last):
  File "E:\Satrio\Projects\MouseApp\main.py", line 277, in <module>
    run_sales_automation()
    ~~~~~~~~~~~~~~~~~~~~^^
  File "E:\Satrio\Projects\MouseApp\main.py", line 252, in run_sales_automation
    sato.input_sales(input_date.day)
    ~~~~~~~~~~~~~~~~^^^^^^^^^^^^^^^^
  File "E:\Satrio\Projects\MouseApp\sales_auto.py", line 62, in input_sales
    _other_revenue_sales(app, input_sheet, other_sheet, paths["all_brand"])
    ~~~~~~~~~~~~~~~~~~~~^^^^^^^^^^^^^^^^^^^^^^^^^^^^^^^^^^^^^^^^^^^^^^^^^^^
  File "E:\Satrio\Projects\MouseApp\sales_auto.py", line 153, in _other_revenue_sales
    other_values = get_values_other(app, all_brand,"all_brand", "M2:M5")
                   ^^^^^^^^^^^^^^^^
NameError: name 'get_values_other' is not defined. Did you mean: '_get_values_other'?
2025-09-12 11:20:53,340 - INFO - === Sales automation started ===
2025-09-12 11:22:17,130 - INFO - === input_sales started for day 11 ===
2025-09-12 11:22:17,958 - INFO - Opening new workbook: {filepath}
2025-09-12 11:22:29,481 - INFO - Daily report saved and closed
2025-09-12 11:22:29,830 - INFO - === input_sales finished in 0m 12s ===
2025-09-12 11:22:30,778 - INFO - === Sales automation finished successfully ===
2025-09-12 11:22:30,779 - INFO - Start time : 2025-09-12 11:20:53
2025-09-12 11:22:30,779 - INFO - End time   : 2025-09-12 11:22:30
2025-09-12 11:22:30,779 - INFO - Elapsed    : 1m 37s
2025-09-12 13:59:28,584 - INFO - === Sales automation started ===
2025-09-12 14:00:35,723 - INFO - === input_sales started for day 11 ===
2025-09-12 14:00:48,797 - INFO - Daily report saved and closed
2025-09-12 14:00:49,150 - INFO - === input_sales finished in 0m 13s ===
2025-09-12 14:00:55,810 - INFO - === Sales automation finished successfully ===
2025-09-12 14:00:55,810 - INFO - Start time : 2025-09-12 13:59:28
2025-09-12 14:00:55,810 - INFO - End time   : 2025-09-12 14:00:55
2025-09-12 14:00:55,810 - INFO - Elapsed    : 1m 27s
2025-09-14 22:08:13,522 - INFO - === Sales automation started ===
2025-09-14 22:09:29,556 - INFO - === input_sales started for day 12 ===
2025-09-14 22:09:44,700 - INFO - Daily report saved and closed
2025-09-14 22:09:45,182 - INFO - === input_sales finished in 0m 15s ===
2025-09-14 22:11:17,821 - INFO - === Sales automation finished successfully ===
2025-09-14 22:11:17,821 - INFO - Start time : 2025-09-14 22:08:13
2025-09-14 22:11:17,821 - INFO - End time   : 2025-09-14 22:11:17
2025-09-14 22:11:17,821 - INFO - Elapsed    : 3m 4s
2025-09-14 22:12:13,339 - INFO - === Sales automation started ===
2025-09-14 22:13:32,815 - INFO - === input_sales started for day 13 ===
2025-09-14 22:13:47,380 - INFO - Daily report saved and closed
2025-09-14 22:13:47,803 - INFO - === input_sales finished in 0m 14s ===
2025-09-14 22:13:52,137 - INFO - === Sales automation finished successfully ===
2025-09-14 22:13:52,137 - INFO - Start time : 2025-09-14 22:12:13
2025-09-14 22:13:52,137 - INFO - End time   : 2025-09-14 22:13:52
2025-09-14 22:13:52,137 - INFO - Elapsed    : 1m 38s
2025-09-14 22:14:37,702 - INFO - === Sales automation started ===
2025-09-14 22:15:45,609 - INFO - === input_sales started for day 14 ===
2025-09-14 22:15:59,915 - INFO - Daily report saved and closed
2025-09-14 22:16:00,324 - INFO - === input_sales finished in 0m 14s ===
2025-09-14 22:16:15,566 - INFO - === Sales automation finished successfully ===
2025-09-14 22:16:15,567 - INFO - Start time : 2025-09-14 22:14:37
2025-09-14 22:16:15,567 - INFO - End time   : 2025-09-14 22:16:15
2025-09-14 22:16:15,567 - INFO - Elapsed    : 1m 37s
2025-09-15 07:52:38,455 - INFO - Script started
2025-09-15 07:52:39,030 - INFO - Opening new workbook.
2025-09-15 07:52:39,037 - ERROR - Uncaught exception
Traceback (most recent call last):
  File "E:\Satrio\Projects\MouseApp\daily_report.py", line 99, in <module>
    main()
    ~~~~^^
  File "E:\Satrio\Projects\MouseApp\daily_report.py", line 92, in main
    daily_2(daily_sales_report, input_sheet, revenue_sheet)
    ~~~~~~~^^^^^^^^^^^^^^^^^^^^^^^^^^^^^^^^^^^^^^^^^^^^^^^^
  File "E:\Satrio\Projects\MouseApp\daily_report.py", line 45, in daily_2
    wb = get_or_open_wb(final_filename)
  File "E:\Satrio\Projects\MouseApp\daily_report.py", line 22, in get_or_open_wb
    return xw.books.open(filepath)
           ~~~~~~~~~~~~~^^^^^^^^^^
  File "E:\Satrio\Projects\MouseApp\venv\Lib\site-packages\xlwings\main.py", line 5174, in open
    raise FileNotFoundError("No such file: '%s'" % fullname)
FileNotFoundError: No such file: 'E:\1. Sales Strategy\2025\1. DAILY REPORT\250914★ 25년 9월 해외점포 실적동향 (자카르탇점).xlsx'
2025-09-15 07:55:38,840 - INFO - Script started
2025-09-15 07:55:39,288 - INFO - Opening new workbook.
2025-09-15 07:55:40,221 - INFO - Opening new workbook.
2025-09-15 07:55:43,243 - INFO - Script running succesfully, finished in 4.40 seconds
2025-09-15 08:03:22,320 - INFO - === Sales automation started ===
2025-09-15 08:04:45,461 - INFO - === input_sales started for day 13 ===
2025-09-15 08:04:46,323 - INFO - Workbook already open.
2025-09-15 08:04:55,601 - INFO - Daily report saved and closed
2025-09-15 08:04:56,045 - INFO - === input_sales finished in 0m 10s ===
2025-09-15 08:04:59,696 - INFO - === Sales automation finished successfully ===
2025-09-15 08:04:59,696 - INFO - Start time : 2025-09-15 08:03:22
2025-09-15 08:04:59,696 - INFO - End time   : 2025-09-15 08:04:59
2025-09-15 08:04:59,696 - INFO - Elapsed    : 1m 37s
2025-09-16 07:13:22,043 - INFO - === Sales automation started ===
2025-09-16 07:14:39,343 - INFO - === input_sales started for day 15 ===
2025-09-16 07:14:53,790 - INFO - Daily report saved and closed
2025-09-16 07:14:54,392 - INFO - === input_sales finished in 0m 15s ===
2025-09-16 07:15:47,445 - INFO - === Sales automation finished successfully ===
2025-09-16 07:15:47,446 - INFO - Start time : 2025-09-16 07:13:22
2025-09-16 07:15:47,446 - INFO - End time   : 2025-09-16 07:15:47
2025-09-16 07:15:47,446 - INFO - Elapsed    : 2m 25s
2025-09-16 07:25:02,398 - INFO - Script started
2025-09-16 07:25:02,879 - INFO - Opening new workbook.
2025-09-16 07:25:03,761 - INFO - Workbook already open.
2025-09-16 07:25:04,607 - INFO - Script running succesfully, finished in 2.21 seconds
2025-09-17 08:15:22,827 - INFO - === Sales automation started ===
2025-09-17 08:16:32,211 - INFO - === input_sales started for day 16 ===
2025-09-17 08:16:45,948 - INFO - Daily report saved and closed
2025-09-17 08:16:46,390 - INFO - === input_sales finished in 0m 14s ===
2025-09-17 08:16:47,971 - INFO - === Sales automation finished successfully ===
2025-09-17 08:16:47,971 - INFO - Start time : 2025-09-17 08:15:22
2025-09-17 08:16:47,972 - INFO - End time   : 2025-09-17 08:16:47
2025-09-17 08:16:47,972 - INFO - Elapsed    : 1m 25s
2025-09-17 08:32:45,422 - INFO - Script started
2025-09-17 08:32:46,154 - INFO - Opening new workbook.
2025-09-17 08:32:47,151 - INFO - Workbook already open.
2025-09-17 08:32:48,094 - INFO - Script running succesfully, finished in 2.67 seconds
2025-09-18 08:22:23,573 - INFO - === Sales automation started ===
2025-09-18 08:23:05,665 - INFO - Start time : 2025-09-18 08:22:23
2025-09-18 08:23:05,666 - INFO - End time   : 2025-09-18 08:23:05
2025-09-18 08:23:05,666 - INFO - Elapsed    : 0m 42s
2025-09-18 08:23:16,669 - INFO - === Sales automation started ===
2025-09-18 08:24:19,996 - INFO - === input_sales started for day 17 ===
2025-09-18 08:24:36,043 - INFO - Daily report saved and closed
2025-09-18 08:24:36,512 - INFO - === input_sales finished in 0m 16s ===
2025-09-18 08:25:09,731 - INFO - === Sales automation finished successfully ===
2025-09-18 08:25:09,731 - INFO - Start time : 2025-09-18 08:23:16
2025-09-18 08:25:09,732 - INFO - End time   : 2025-09-18 08:25:09
2025-09-18 08:25:09,732 - INFO - Elapsed    : 1m 53s
2025-09-18 08:27:56,623 - INFO - Script started
2025-09-18 08:27:57,342 - INFO - Opening new workbook.
2025-09-18 08:27:58,311 - INFO - Workbook already open.
2025-09-18 08:27:59,348 - INFO - Script running succesfully, finished in 2.73 seconds
2025-09-19 08:26:44,094 - INFO - === Sales automation started ===
2025-09-19 08:27:48,451 - INFO - === input_sales started for day 18 ===
2025-09-19 08:28:02,898 - INFO - Daily report saved and closed
2025-09-19 08:28:03,185 - INFO - === input_sales finished in 0m 14s ===
2025-09-19 08:28:05,082 - INFO - === Sales automation finished successfully ===
2025-09-19 08:28:05,082 - INFO - Start time : 2025-09-19 08:26:44
2025-09-19 08:28:05,082 - INFO - End time   : 2025-09-19 08:28:05
2025-09-19 08:28:05,083 - INFO - Elapsed    : 1m 20s
2025-09-19 08:33:35,944 - INFO - Script started
2025-09-19 08:33:36,417 - INFO - Opening new workbook.
2025-09-19 08:33:37,208 - INFO - Workbook already open.
2025-09-19 08:33:37,777 - INFO - Script running succesfully, finished in 1.83 seconds
2025-09-19 10:11:28,579 - INFO - === Sales automation started ===
2025-09-19 10:12:34,519 - INFO - === input_sales started for day 18 ===
2025-09-19 10:12:35,458 - INFO - Workbook already open.
2025-09-19 10:12:44,330 - INFO - Daily report saved and closed
2025-09-19 10:12:44,670 - INFO - === input_sales finished in 0m 10s ===
2025-09-19 10:12:47,745 - INFO - === Sales automation finished successfully ===
2025-09-19 10:12:47,745 - INFO - Start time : 2025-09-19 10:11:28
2025-09-19 10:12:47,745 - INFO - End time   : 2025-09-19 10:12:47
2025-09-19 10:12:47,745 - INFO - Elapsed    : 1m 19s
2025-09-21 22:15:56,009 - INFO - === Sales automation started ===
2025-09-21 22:17:11,642 - INFO - === input_sales started for day 19 ===
2025-09-21 22:17:26,658 - INFO - Daily report saved and closed
2025-09-21 22:17:27,152 - INFO - === input_sales finished in 0m 15s ===
2025-09-21 22:17:29,545 - INFO - === Sales automation finished successfully ===
2025-09-21 22:17:29,546 - INFO - Start time : 2025-09-21 22:15:56
2025-09-21 22:17:29,546 - INFO - End time   : 2025-09-21 22:17:29
2025-09-21 22:17:29,546 - INFO - Elapsed    : 1m 33s
2025-09-21 22:17:48,634 - INFO - === Sales automation started ===
2025-09-21 22:18:56,383 - INFO - === input_sales started for day 20 ===
2025-09-21 22:19:10,959 - INFO - Daily report saved and closed
2025-09-21 22:19:11,318 - INFO - === input_sales finished in 0m 14s ===
2025-09-21 22:19:14,884 - INFO - === Sales automation finished successfully ===
2025-09-21 22:19:14,884 - INFO - Start time : 2025-09-21 22:17:48
2025-09-21 22:19:14,885 - INFO - End time   : 2025-09-21 22:19:14
2025-09-21 22:19:14,885 - INFO - Elapsed    : 1m 26s
2025-09-21 22:20:17,929 - INFO - === Sales automation started ===
2025-09-21 22:21:24,203 - INFO - === input_sales started for day 21 ===
2025-09-21 22:21:38,542 - INFO - Daily report saved and closed
2025-09-21 22:21:39,004 - INFO - === input_sales finished in 0m 14s ===
2025-09-21 22:21:42,445 - INFO - === Sales automation finished successfully ===
2025-09-21 22:21:42,446 - INFO - Start time : 2025-09-21 22:20:17
2025-09-21 22:21:42,446 - INFO - End time   : 2025-09-21 22:21:42
2025-09-21 22:21:42,446 - INFO - Elapsed    : 1m 24s
2025-09-21 22:22:49,717 - INFO - Script started
2025-09-21 22:22:50,076 - INFO - Opening new workbook.
2025-09-21 22:22:50,087 - ERROR - Uncaught exception
Traceback (most recent call last):
  File "E:\Satrio\Projects\MouseApp\daily_report.py", line 99, in <module>
    main()
    ~~~~^^
  File "E:\Satrio\Projects\MouseApp\daily_report.py", line 92, in main
    daily_2(daily_sales_report, input_sheet, revenue_sheet)
    ~~~~~~~^^^^^^^^^^^^^^^^^^^^^^^^^^^^^^^^^^^^^^^^^^^^^^^^
  File "E:\Satrio\Projects\MouseApp\daily_report.py", line 45, in daily_2
    wb = get_or_open_wb(final_filename)
  File "E:\Satrio\Projects\MouseApp\daily_report.py", line 22, in get_or_open_wb
    return xw.books.open(filepath)
           ~~~~~~~~~~~~~^^^^^^^^^^
  File "E:\Satrio\Projects\MouseApp\venv\Lib\site-packages\xlwings\main.py", line 5174, in open
    raise FileNotFoundError("No such file: '%s'" % fullname)
FileNotFoundError: No such file: 'E:\1. Sales Strategy\2025\1. DAILY REPORT\250920★ 25년 9월 해외점포 실적동향 (자카르탇점).xlsx'
2025-09-23 08:08:01,160 - INFO - === Sales automation started ===
2025-09-23 08:09:15,782 - INFO - === input_sales started for day 22 ===
2025-09-23 08:09:28,523 - INFO - Daily report saved and closed
2025-09-23 08:09:28,836 - INFO - === input_sales finished in 0m 13s ===
2025-09-23 08:09:30,763 - INFO - === Sales automation finished successfully ===
2025-09-23 08:09:30,763 - INFO - Start time : 2025-09-23 08:08:01
2025-09-23 08:09:30,763 - INFO - End time   : 2025-09-23 08:09:30
2025-09-23 08:09:30,763 - INFO - Elapsed    : 1m 29s
2025-09-23 08:11:07,709 - INFO - Script started
2025-09-23 08:11:08,169 - INFO - Opening new workbook.
2025-09-23 08:11:09,085 - INFO - Workbook already open.
2025-09-23 08:11:09,635 - INFO - Script running succesfully, finished in 1.93 seconds
2025-09-24 08:26:35,443 - INFO - === Sales automation started ===
2025-09-24 08:27:35,450 - INFO - === input_sales started for day 23 ===
2025-09-24 08:27:48,469 - INFO - Daily report saved and closed
2025-09-24 08:27:48,825 - INFO - === input_sales finished in 0m 13s ===
2025-09-24 08:27:50,789 - INFO - === Sales automation finished successfully ===
2025-09-24 08:27:50,790 - INFO - Start time : 2025-09-24 08:26:35
2025-09-24 08:27:50,790 - INFO - End time   : 2025-09-24 08:27:50
2025-09-24 08:27:50,790 - INFO - Elapsed    : 1m 15s
2025-09-24 08:34:46,873 - INFO - Script started
2025-09-24 08:34:47,475 - INFO - Opening new workbook.
2025-09-24 08:34:48,421 - INFO - Workbook already open.
2025-09-24 08:34:49,137 - INFO - Script running succesfully, finished in 2.26 seconds
2025-09-25 08:33:58,691 - INFO - === Sales automation started ===
2025-09-25 08:34:23,242 - INFO - Start time : 2025-09-25 08:33:58
2025-09-25 08:34:23,242 - INFO - End time   : 2025-09-25 08:34:23
2025-09-25 08:34:23,243 - INFO - Elapsed    : 0m 24s
2025-09-25 08:34:25,143 - INFO - === Sales automation started ===
2025-09-25 08:34:40,261 - ERROR - Automation failed with an error
Traceback (most recent call last):
  File "E:\Satrio\Projects\MouseApp\main.py", line 213, in run_sales_automation
    _set_date_and_options(input_day_str)
    ~~~~~~~~~~~~~~~~~~~~~^^^^^^^^^^^^^^^
  File "E:\Satrio\Projects\MouseApp\main.py", line 151, in _set_date_and_options
    pyautogui.moveTo(*get_tuple("COORDS", "option_button"), duration=0.3)
    ~~~~~~~~~~~~~~~~^^^^^^^^^^^^^^^^^^^^^^^^^^^^^^^^^^^^^^^^^^^^^^^^^^^^^
  File "E:\Satrio\Projects\MouseApp\venv\Lib\site-packages\pyautogui\__init__.py", line 593, in wrapper
    failSafeCheck()
    ~~~~~~~~~~~~~^^
  File "E:\Satrio\Projects\MouseApp\venv\Lib\site-packages\pyautogui\__init__.py", line 1734, in failSafeCheck
    raise FailSafeException(
        "PyAutoGUI fail-safe triggered from mouse moving to a corner of the screen. To disable this fail-safe, set pyautogui.FAILSAFE to False. DISABLING FAIL-SAFE IS NOT RECOMMENDED."
    )
pyautogui.FailSafeException: PyAutoGUI fail-safe triggered from mouse moving to a corner of the screen. To disable this fail-safe, set pyautogui.FAILSAFE to False. DISABLING FAIL-SAFE IS NOT RECOMMENDED.
2025-09-25 08:34:40,274 - INFO - Start time : 2025-09-25 08:34:25
2025-09-25 08:34:40,274 - INFO - End time   : 2025-09-25 08:34:40
2025-09-25 08:34:40,274 - INFO - Elapsed    : 0m 15s
2025-09-25 08:34:40,274 - ERROR - Uncaught exception
Traceback (most recent call last):
  File "E:\Satrio\Projects\MouseApp\main.py", line 277, in <module>
    run_sales_automation()
    ~~~~~~~~~~~~~~~~~~~~^^
  File "E:\Satrio\Projects\MouseApp\main.py", line 213, in run_sales_automation
    _set_date_and_options(input_day_str)
    ~~~~~~~~~~~~~~~~~~~~~^^^^^^^^^^^^^^^
  File "E:\Satrio\Projects\MouseApp\main.py", line 151, in _set_date_and_options
    pyautogui.moveTo(*get_tuple("COORDS", "option_button"), duration=0.3)
    ~~~~~~~~~~~~~~~~^^^^^^^^^^^^^^^^^^^^^^^^^^^^^^^^^^^^^^^^^^^^^^^^^^^^^
  File "E:\Satrio\Projects\MouseApp\venv\Lib\site-packages\pyautogui\__init__.py", line 593, in wrapper
    failSafeCheck()
    ~~~~~~~~~~~~~^^
  File "E:\Satrio\Projects\MouseApp\venv\Lib\site-packages\pyautogui\__init__.py", line 1734, in failSafeCheck
    raise FailSafeException(
        "PyAutoGUI fail-safe triggered from mouse moving to a corner of the screen. To disable this fail-safe, set pyautogui.FAILSAFE to False. DISABLING FAIL-SAFE IS NOT RECOMMENDED."
    )
pyautogui.FailSafeException: PyAutoGUI fail-safe triggered from mouse moving to a corner of the screen. To disable this fail-safe, set pyautogui.FAILSAFE to False. DISABLING FAIL-SAFE IS NOT RECOMMENDED.
2025-09-25 08:34:54,268 - INFO - === Sales automation started ===
2025-09-25 08:35:56,452 - INFO - === input_sales started for day 24 ===
2025-09-25 08:36:10,633 - INFO - Daily report saved and closed
2025-09-25 08:36:11,001 - INFO - === input_sales finished in 0m 14s ===
2025-09-25 08:36:12,689 - INFO - === Sales automation finished successfully ===
2025-09-25 08:36:12,690 - INFO - Start time : 2025-09-25 08:34:54
2025-09-25 08:36:12,690 - INFO - End time   : 2025-09-25 08:36:12
2025-09-25 08:36:12,690 - INFO - Elapsed    : 1m 18s
2025-09-25 08:40:30,462 - INFO - Script started
2025-09-25 08:40:31,049 - INFO - Opening new workbook.
2025-09-25 08:40:31,966 - INFO - Workbook already open.
2025-09-25 08:40:32,761 - INFO - Script running succesfully, finished in 2.30 seconds
2025-09-26 08:22:07,081 - INFO - === Sales automation started ===
2025-09-26 08:22:33,427 - INFO - Start time : 2025-09-26 08:22:07
2025-09-26 08:22:33,427 - INFO - End time   : 2025-09-26 08:22:33
2025-09-26 08:22:33,428 - INFO - Elapsed    : 0m 26s
2025-09-26 08:22:37,339 - INFO - === Sales automation started ===
2025-09-26 08:23:42,700 - INFO - === input_sales started for day 25 ===
2025-09-26 08:23:56,778 - INFO - Daily report saved and closed
2025-09-26 08:23:57,178 - INFO - === input_sales finished in 0m 14s ===
2025-09-26 08:24:01,428 - INFO - === Sales automation finished successfully ===
2025-09-26 08:24:01,428 - INFO - Start time : 2025-09-26 08:22:37
2025-09-26 08:24:01,428 - INFO - End time   : 2025-09-26 08:24:01
2025-09-26 08:24:01,428 - INFO - Elapsed    : 1m 24s
2025-09-26 08:26:05,650 - INFO - Script started
2025-09-26 08:26:06,303 - INFO - Opening new workbook.
2025-09-26 08:26:07,159 - INFO - Workbook already open.
2025-09-26 08:26:08,073 - INFO - Script running succesfully, finished in 2.42 seconds
2025-09-28 22:56:38,485 - INFO - === Sales automation started ===
2025-09-28 22:57:28,715 - ERROR - Automation failed with an error
Traceback (most recent call last):
  File "E:\Satrio\Projects\MouseApp\main.py", line 209, in run_sales_automation
    run_app_and_login(app_path, app_name)
    ~~~~~~~~~~~~~~~~~^^^^^^^^^^^^^^^^^^^^
  File "E:\Satrio\Projects\MouseApp\main.py", line 88, in run_app_and_login
    wait_for_pixel(x, y, rgb) # adjustable in config to match other device
    ~~~~~~~~~~~~~~^^^^^^^^^^^
  File "E:\Satrio\Projects\MouseApp\main.py", line 63, in wait_for_pixel
    raise TimeoutError(f"UI not ready after {timeout}s at pixel {x},{y}")
TimeoutError: UI not ready after 30s at pixel 1256,622
2025-09-28 22:57:28,727 - INFO - Start time : 2025-09-28 22:56:38
2025-09-28 22:57:28,727 - INFO - End time   : 2025-09-28 22:57:28
2025-09-28 22:57:28,727 - INFO - Elapsed    : 0m 50s
2025-09-28 22:57:28,728 - ERROR - Uncaught exception
Traceback (most recent call last):
  File "E:\Satrio\Projects\MouseApp\main.py", line 277, in <module>
    run_sales_automation()
    ~~~~~~~~~~~~~~~~~~~~^^
  File "E:\Satrio\Projects\MouseApp\main.py", line 209, in run_sales_automation
    run_app_and_login(app_path, app_name)
    ~~~~~~~~~~~~~~~~~^^^^^^^^^^^^^^^^^^^^
  File "E:\Satrio\Projects\MouseApp\main.py", line 88, in run_app_and_login
    wait_for_pixel(x, y, rgb) # adjustable in config to match other device
    ~~~~~~~~~~~~~~^^^^^^^^^^^
  File "E:\Satrio\Projects\MouseApp\main.py", line 63, in wait_for_pixel
    raise TimeoutError(f"UI not ready after {timeout}s at pixel {x},{y}")
TimeoutError: UI not ready after 30s at pixel 1256,622
2025-09-28 22:58:02,493 - INFO - === Sales automation started ===
2025-09-28 22:58:39,885 - ERROR - Automation failed with an error
Traceback (most recent call last):
  File "E:\Satrio\Projects\MouseApp\main.py", line 209, in run_sales_automation
    run_app_and_login(app_path, app_name)
    ~~~~~~~~~~~~~~~~~^^^^^^^^^^^^^^^^^^^^
  File "E:\Satrio\Projects\MouseApp\main.py", line 88, in run_app_and_login
    wait_for_pixel(x, y, rgb) # adjustable in config to match other device
    ~~~~~~~~~~~~~~^^^^^^^^^^^
  File "E:\Satrio\Projects\MouseApp\main.py", line 63, in wait_for_pixel
    raise TimeoutError(f"UI not ready after {timeout}s at pixel {x},{y}")
TimeoutError: UI not ready after 30s at pixel 1256,622
2025-09-28 22:58:39,890 - INFO - Start time : 2025-09-28 22:58:02
2025-09-28 22:58:39,890 - INFO - End time   : 2025-09-28 22:58:39
2025-09-28 22:58:39,900 - INFO - Elapsed    : 0m 37s
2025-09-28 22:58:39,901 - ERROR - Uncaught exception
Traceback (most recent call last):
  File "E:\Satrio\Projects\MouseApp\main.py", line 277, in <module>
    run_sales_automation()
    ~~~~~~~~~~~~~~~~~~~~^^
  File "E:\Satrio\Projects\MouseApp\main.py", line 209, in run_sales_automation
    run_app_and_login(app_path, app_name)
    ~~~~~~~~~~~~~~~~~^^^^^^^^^^^^^^^^^^^^
  File "E:\Satrio\Projects\MouseApp\main.py", line 88, in run_app_and_login
    wait_for_pixel(x, y, rgb) # adjustable in config to match other device
    ~~~~~~~~~~~~~~^^^^^^^^^^^
  File "E:\Satrio\Projects\MouseApp\main.py", line 63, in wait_for_pixel
    raise TimeoutError(f"UI not ready after {timeout}s at pixel {x},{y}")
TimeoutError: UI not ready after 30s at pixel 1256,622
2025-09-28 23:00:12,131 - INFO - === Sales automation started ===
2025-09-28 23:00:47,481 - ERROR - Automation failed with an error
Traceback (most recent call last):
  File "E:\Satrio\Projects\MouseApp\main.py", line 209, in run_sales_automation
    run_app_and_login(app_path, app_name)
    ~~~~~~~~~~~~~~~~~^^^^^^^^^^^^^^^^^^^^
  File "E:\Satrio\Projects\MouseApp\main.py", line 88, in run_app_and_login
    wait_for_pixel(x, y, rgb) # adjustable in config to match other device
    ~~~~~~~~~~~~~~^^^^^^^^^^^
  File "E:\Satrio\Projects\MouseApp\main.py", line 63, in wait_for_pixel
    raise TimeoutError(f"UI not ready after {timeout}s at pixel {x},{y}")
TimeoutError: UI not ready after 30s at pixel 1256,622
2025-09-28 23:00:47,483 - INFO - Start time : 2025-09-28 23:00:12
2025-09-28 23:00:47,483 - INFO - End time   : 2025-09-28 23:00:47
2025-09-28 23:00:47,483 - INFO - Elapsed    : 0m 35s
2025-09-28 23:00:47,484 - ERROR - Uncaught exception
Traceback (most recent call last):
  File "E:\Satrio\Projects\MouseApp\main.py", line 277, in <module>
    run_sales_automation()
    ~~~~~~~~~~~~~~~~~~~~^^
  File "E:\Satrio\Projects\MouseApp\main.py", line 209, in run_sales_automation
    run_app_and_login(app_path, app_name)
    ~~~~~~~~~~~~~~~~~^^^^^^^^^^^^^^^^^^^^
  File "E:\Satrio\Projects\MouseApp\main.py", line 88, in run_app_and_login
    wait_for_pixel(x, y, rgb) # adjustable in config to match other device
    ~~~~~~~~~~~~~~^^^^^^^^^^^
  File "E:\Satrio\Projects\MouseApp\main.py", line 63, in wait_for_pixel
    raise TimeoutError(f"UI not ready after {timeout}s at pixel {x},{y}")
TimeoutError: UI not ready after 30s at pixel 1256,622
2025-09-28 23:01:18,834 - INFO - === Sales automation started ===
2025-09-28 23:01:55,784 - ERROR - Automation failed with an error
Traceback (most recent call last):
  File "E:\Satrio\Projects\MouseApp\main.py", line 209, in run_sales_automation
    run_app_and_login(app_path, app_name)
    ~~~~~~~~~~~~~~~~~^^^^^^^^^^^^^^^^^^^^
  File "E:\Satrio\Projects\MouseApp\main.py", line 88, in run_app_and_login
    wait_for_pixel(x, y, rgb) # adjustable in config to match other device
    ~~~~~~~~~~~~~~^^^^^^^^^^^
  File "E:\Satrio\Projects\MouseApp\main.py", line 63, in wait_for_pixel
    raise TimeoutError(f"UI not ready after {timeout}s at pixel {x},{y}")
TimeoutError: UI not ready after 30s at pixel 1256,622
2025-09-28 23:01:55,788 - INFO - Start time : 2025-09-28 23:01:18
2025-09-28 23:01:55,788 - INFO - End time   : 2025-09-28 23:01:55
2025-09-28 23:01:55,789 - INFO - Elapsed    : 0m 36s
2025-09-28 23:01:55,789 - ERROR - Uncaught exception
Traceback (most recent call last):
  File "E:\Satrio\Projects\MouseApp\main.py", line 277, in <module>
    run_sales_automation()
    ~~~~~~~~~~~~~~~~~~~~^^
  File "E:\Satrio\Projects\MouseApp\main.py", line 209, in run_sales_automation
    run_app_and_login(app_path, app_name)
    ~~~~~~~~~~~~~~~~~^^^^^^^^^^^^^^^^^^^^
  File "E:\Satrio\Projects\MouseApp\main.py", line 88, in run_app_and_login
    wait_for_pixel(x, y, rgb) # adjustable in config to match other device
    ~~~~~~~~~~~~~~^^^^^^^^^^^
  File "E:\Satrio\Projects\MouseApp\main.py", line 63, in wait_for_pixel
    raise TimeoutError(f"UI not ready after {timeout}s at pixel {x},{y}")
TimeoutError: UI not ready after 30s at pixel 1256,622
2025-09-28 23:08:14,009 - INFO - === Sales automation started ===
2025-09-28 23:08:49,847 - ERROR - Automation failed with an error
Traceback (most recent call last):
  File "E:\Satrio\Projects\MouseApp\main.py", line 209, in run_sales_automation
    run_app_and_login(app_path, app_name)
    ~~~~~~~~~~~~~~~~~^^^^^^^^^^^^^^^^^^^^
  File "E:\Satrio\Projects\MouseApp\main.py", line 88, in run_app_and_login
    wait_for_pixel(x, y, rgb) # adjustable in config to match other device
    ~~~~~~~~~~~~~~^^^^^^^^^^^
  File "E:\Satrio\Projects\MouseApp\main.py", line 63, in wait_for_pixel
    raise TimeoutError(f"UI not ready after {timeout}s at pixel {x},{y}")
TimeoutError: UI not ready after 30s at pixel 709,421
2025-09-28 23:08:49,851 - INFO - Start time : 2025-09-28 23:08:14
2025-09-28 23:08:49,851 - INFO - End time   : 2025-09-28 23:08:49
2025-09-28 23:08:49,851 - INFO - Elapsed    : 0m 35s
2025-09-28 23:08:49,852 - ERROR - Uncaught exception
Traceback (most recent call last):
  File "E:\Satrio\Projects\MouseApp\main.py", line 277, in <module>
    run_sales_automation()
    ~~~~~~~~~~~~~~~~~~~~^^
  File "E:\Satrio\Projects\MouseApp\main.py", line 209, in run_sales_automation
    run_app_and_login(app_path, app_name)
    ~~~~~~~~~~~~~~~~~^^^^^^^^^^^^^^^^^^^^
  File "E:\Satrio\Projects\MouseApp\main.py", line 88, in run_app_and_login
    wait_for_pixel(x, y, rgb) # adjustable in config to match other device
    ~~~~~~~~~~~~~~^^^^^^^^^^^
  File "E:\Satrio\Projects\MouseApp\main.py", line 63, in wait_for_pixel
    raise TimeoutError(f"UI not ready after {timeout}s at pixel {x},{y}")
TimeoutError: UI not ready after 30s at pixel 709,421
2025-09-28 23:09:42,591 - INFO - === Sales automation started ===
2025-09-28 23:10:47,432 - INFO - === input_sales started for day 26 ===
2025-09-28 23:11:01,973 - INFO - Daily report saved and closed
2025-09-28 23:11:02,380 - INFO - === input_sales finished in 0m 14s ===
2025-09-28 23:11:04,733 - INFO - === Sales automation finished successfully ===
2025-09-28 23:11:04,733 - INFO - Start time : 2025-09-28 23:09:42
2025-09-28 23:11:04,733 - INFO - End time   : 2025-09-28 23:11:04
2025-09-28 23:11:04,734 - INFO - Elapsed    : 1m 22s
2025-09-28 23:11:08,856 - INFO - === Sales automation started ===
2025-09-28 23:12:18,233 - INFO - === input_sales started for day 27 ===
2025-09-28 23:12:32,080 - INFO - Daily report saved and closed
2025-09-28 23:12:32,465 - INFO - === input_sales finished in 0m 14s ===
2025-09-28 23:12:40,056 - INFO - === Sales automation finished successfully ===
2025-09-28 23:12:40,056 - INFO - Start time : 2025-09-28 23:11:08
2025-09-28 23:12:40,056 - INFO - End time   : 2025-09-28 23:12:40
2025-09-28 23:12:40,057 - INFO - Elapsed    : 1m 31s
2025-09-28 23:12:44,854 - INFO - === Sales automation started ===
2025-09-28 23:13:51,617 - INFO - === input_sales started for day 28 ===
2025-09-28 23:14:05,541 - INFO - Daily report saved and closed
2025-09-28 23:14:06,006 - INFO - === input_sales finished in 0m 14s ===
2025-09-28 23:14:38,250 - INFO - === Sales automation finished successfully ===
2025-09-28 23:14:38,251 - INFO - Start time : 2025-09-28 23:12:44
2025-09-28 23:14:38,251 - INFO - End time   : 2025-09-28 23:14:38
2025-09-28 23:14:38,251 - INFO - Elapsed    : 1m 53s
2025-09-28 23:15:00,564 - INFO - Script started
2025-09-28 23:15:01,013 - INFO - Opening new workbook.
2025-09-28 23:15:01,018 - ERROR - Uncaught exception
Traceback (most recent call last):
  File "E:\Satrio\Projects\MouseApp\daily_report.py", line 99, in <module>
    main()
    ~~~~^^
  File "E:\Satrio\Projects\MouseApp\daily_report.py", line 92, in main
    daily_2(daily_sales_report, input_sheet, revenue_sheet)
    ~~~~~~~^^^^^^^^^^^^^^^^^^^^^^^^^^^^^^^^^^^^^^^^^^^^^^^^
  File "E:\Satrio\Projects\MouseApp\daily_report.py", line 45, in daily_2
    wb = get_or_open_wb(final_filename)
  File "E:\Satrio\Projects\MouseApp\daily_report.py", line 22, in get_or_open_wb
    return xw.books.open(filepath)
           ~~~~~~~~~~~~~^^^^^^^^^^
  File "E:\Satrio\Projects\MouseApp\venv\Lib\site-packages\xlwings\main.py", line 5174, in open
    raise FileNotFoundError("No such file: '%s'" % fullname)
FileNotFoundError: No such file: 'E:\1. Sales Strategy\2025\1. DAILY REPORT\250927★ 25년 9월 해외점포 실적동향 (자카르탇점).xlsx'
2025-09-30 08:51:25,689 - INFO - === Sales automation started ===
2025-09-30 08:52:30,744 - INFO - === input_sales started for day 29 ===
2025-09-30 08:52:31,714 - INFO - Workbook already open.
2025-09-30 08:52:40,281 - INFO - Daily report saved and closed
2025-09-30 08:52:40,572 - INFO - === input_sales finished in 0m 9s ===
2025-09-30 08:52:41,730 - INFO - === Sales automation finished successfully ===
2025-09-30 08:52:41,730 - INFO - Start time : 2025-09-30 08:51:25
2025-09-30 08:52:41,731 - INFO - End time   : 2025-09-30 08:52:41
2025-09-30 08:52:41,731 - INFO - Elapsed    : 1m 16s
2025-09-30 08:54:24,924 - INFO - Script started
2025-09-30 08:54:25,351 - INFO - Opening new workbook.
2025-09-30 08:54:26,268 - INFO - Workbook already open.
2025-09-30 08:54:26,875 - INFO - Script running succesfully, finished in 1.95 seconds
2025-10-01 08:16:27,876 - INFO - === Sales automation started ===
2025-10-01 08:16:54,246 - INFO - Start time : 2025-10-01 08:16:27
2025-10-01 08:16:54,247 - INFO - End time   : 2025-10-01 08:16:54
2025-10-01 08:16:54,247 - INFO - Elapsed    : 0m 26s
2025-10-01 08:17:56,707 - INFO - === Sales automation started ===
2025-10-01 08:18:57,365 - INFO - === input_sales started for day 30 ===
2025-10-01 08:19:11,152 - INFO - Daily report saved and closed
2025-10-01 08:19:11,424 - INFO - === input_sales finished in 0m 14s ===
2025-10-01 08:19:26,131 - INFO - === Sales automation finished successfully ===
2025-10-01 08:19:26,131 - INFO - Start time : 2025-10-01 08:17:56
2025-10-01 08:19:26,131 - INFO - End time   : 2025-10-01 08:19:26
2025-10-01 08:19:26,131 - INFO - Elapsed    : 1m 29s
2025-10-01 08:48:12,057 - INFO - === Sales automation started ===
2025-10-01 08:48:28,128 - INFO - Start time : 2025-10-01 08:48:12
2025-10-01 08:48:28,128 - INFO - End time   : 2025-10-01 08:48:28
2025-10-01 08:48:28,128 - INFO - Elapsed    : 0m 16s
2025-10-02 08:12:34,980 - INFO - === Sales automation started ===
2025-10-02 08:13:50,421 - INFO - === input_sales started for day 1 ===
2025-10-02 08:14:04,896 - INFO - Daily report saved and closed
2025-10-02 08:14:05,307 - INFO - === input_sales finished in 0m 14s ===
2025-10-02 08:14:07,059 - INFO - === Sales automation finished successfully ===
2025-10-02 08:14:07,059 - INFO - Start time : 2025-10-02 08:12:34
2025-10-02 08:14:07,059 - INFO - End time   : 2025-10-02 08:14:07
2025-10-02 08:14:07,059 - INFO - Elapsed    : 1m 32s
2025-10-02 08:20:18,998 - INFO - Script started
2025-10-02 08:20:19,966 - INFO - Opening new workbook.
2025-10-02 08:20:19,977 - ERROR - Uncaught exception
Traceback (most recent call last):
  File "E:\Satrio\Projects\MouseApp\daily_report.py", line 99, in <module>
    main()
    ~~~~^^
  File "E:\Satrio\Projects\MouseApp\daily_report.py", line 92, in main
    daily_2(daily_sales_report, input_sheet, revenue_sheet)
    ~~~~~~~^^^^^^^^^^^^^^^^^^^^^^^^^^^^^^^^^^^^^^^^^^^^^^^^
  File "E:\Satrio\Projects\MouseApp\daily_report.py", line 45, in daily_2
    wb = get_or_open_wb(final_filename)
  File "E:\Satrio\Projects\MouseApp\daily_report.py", line 22, in get_or_open_wb
    return xw.books.open(filepath)
           ~~~~~~~~~~~~~^^^^^^^^^^
  File "E:\Satrio\Projects\MouseApp\venv\Lib\site-packages\xlwings\main.py", line 5174, in open
    raise FileNotFoundError("No such file: '%s'" % fullname)
FileNotFoundError: No such file: 'E:\1. Sales Strategy\2025\1. DAILY REPORT\251001★ 25년 10월 해외점포 실적동향 (자카르탇점).xlsx'
2025-10-02 08:20:36,471 - INFO - Script started
2025-10-02 08:20:37,330 - INFO - Opening new workbook.
2025-10-02 08:20:38,376 - INFO - Workbook already open.
2025-10-02 08:20:39,080 - INFO - Script running succesfully, finished in 2.61 seconds
2025-10-03 08:22:42,379 - INFO - === Sales automation started ===
2025-10-03 08:23:52,212 - INFO - === input_sales started for day 2 ===
2025-10-03 08:24:06,159 - INFO - Daily report saved and closed
2025-10-03 08:24:06,582 - INFO - === input_sales finished in 0m 14s ===
2025-10-03 08:24:08,620 - INFO - === Sales automation finished successfully ===
2025-10-03 08:24:08,621 - INFO - Start time : 2025-10-03 08:22:42
2025-10-03 08:24:08,621 - INFO - End time   : 2025-10-03 08:24:08
2025-10-03 08:24:08,621 - INFO - Elapsed    : 1m 26s
2025-10-03 08:29:33,698 - INFO - Script started
2025-10-03 08:29:34,717 - INFO - Opening new workbook.
2025-10-03 08:29:35,909 - INFO - Workbook already open.
2025-10-03 08:29:36,923 - INFO - Script running succesfully, finished in 3.23 seconds
2025-10-05 21:45:48,334 - INFO - === Sales automation started ===
2025-10-05 21:47:13,596 - INFO - === input_sales started for day 3 ===
2025-10-05 21:47:28,956 - INFO - Daily report saved and closed
2025-10-05 21:47:29,642 - INFO - === input_sales finished in 0m 16s ===
2025-10-05 21:47:39,339 - INFO - === Sales automation finished successfully ===
2025-10-05 21:47:39,339 - INFO - Start time : 2025-10-05 21:45:48
2025-10-05 21:47:39,339 - INFO - End time   : 2025-10-05 21:47:39
2025-10-05 21:47:39,340 - INFO - Elapsed    : 1m 51s
2025-10-05 21:47:52,991 - INFO - === Sales automation started ===
2025-10-05 21:49:07,977 - INFO - === input_sales started for day 4 ===
2025-10-05 21:49:21,752 - INFO - Daily report saved and closed
2025-10-05 21:49:22,394 - INFO - === input_sales finished in 0m 14s ===
2025-10-05 21:49:31,885 - INFO - === Sales automation finished successfully ===
2025-10-05 21:49:31,885 - INFO - Start time : 2025-10-05 21:47:52
2025-10-05 21:49:31,885 - INFO - End time   : 2025-10-05 21:49:31
2025-10-05 21:49:31,886 - INFO - Elapsed    : 1m 38s
2025-10-05 21:58:34,900 - INFO - Script started
2025-10-05 21:58:35,551 - INFO - Opening new workbook.
2025-10-05 21:58:36,438 - INFO - Workbook already open.
2025-10-05 21:58:37,266 - INFO - Script running succesfully, finished in 2.37 seconds
2025-10-05 22:20:05,156 - INFO - === Sales automation started ===
2025-10-05 22:21:13,721 - INFO - === input_sales started for day 5 ===
2025-10-05 22:21:14,732 - INFO - Workbook already open.
2025-10-05 22:21:23,381 - INFO - Daily report saved and closed
2025-10-05 22:21:23,855 - INFO - === input_sales finished in 0m 10s ===
2025-10-05 22:21:29,175 - INFO - === Sales automation finished successfully ===
2025-10-05 22:21:29,175 - INFO - Start time : 2025-10-05 22:20:05
2025-10-05 22:21:29,175 - INFO - End time   : 2025-10-05 22:21:29
2025-10-05 22:21:29,175 - INFO - Elapsed    : 1m 24s
2025-10-07 08:33:32,777 - INFO - === Sales automation started ===
2025-10-07 08:34:38,313 - INFO - === input_sales started for day 6 ===
2025-10-07 08:34:51,689 - INFO - Daily report saved and closed
2025-10-07 08:34:52,000 - INFO - === input_sales finished in 0m 13s ===
2025-10-07 08:34:53,909 - INFO - === Sales automation finished successfully ===
2025-10-07 08:34:53,909 - INFO - Start time : 2025-10-07 08:33:32
2025-10-07 08:34:53,909 - INFO - End time   : 2025-10-07 08:34:53
2025-10-07 08:34:53,909 - INFO - Elapsed    : 1m 21s
2025-10-07 08:42:52,046 - INFO - Script started
2025-10-07 08:42:52,693 - INFO - Opening new workbook.
2025-10-07 08:42:53,656 - INFO - Workbook already open.
2025-10-07 08:42:54,357 - INFO - Script running succesfully, finished in 2.31 seconds
2025-10-08 08:16:12,383 - INFO - === Sales automation started ===
2025-10-08 08:17:17,073 - INFO - === input_sales started for day 7 ===
2025-10-08 08:17:31,255 - INFO - Daily report saved and closed
2025-10-08 08:17:31,671 - INFO - === input_sales finished in 0m 14s ===
2025-10-08 08:17:34,139 - INFO - === Sales automation finished successfully ===
2025-10-08 08:17:34,139 - INFO - Start time : 2025-10-08 08:16:12
2025-10-08 08:17:34,139 - INFO - End time   : 2025-10-08 08:17:34
2025-10-08 08:17:34,140 - INFO - Elapsed    : 1m 21s
2025-10-08 08:22:43,256 - INFO - Script started
2025-10-08 08:22:43,967 - INFO - Opening new workbook.
2025-10-08 08:22:43,980 - ERROR - Uncaught exception
Traceback (most recent call last):
  File "E:\Satrio\Projects\MouseApp\daily_report.py", line 99, in <module>
    main()
    ~~~~^^
  File "E:\Satrio\Projects\MouseApp\daily_report.py", line 92, in main
    daily_2(daily_sales_report, input_sheet, revenue_sheet)
    ~~~~~~~^^^^^^^^^^^^^^^^^^^^^^^^^^^^^^^^^^^^^^^^^^^^^^^^
  File "E:\Satrio\Projects\MouseApp\daily_report.py", line 45, in daily_2
    wb = get_or_open_wb(final_filename)
  File "E:\Satrio\Projects\MouseApp\daily_report.py", line 22, in get_or_open_wb
    return xw.books.open(filepath)
           ~~~~~~~~~~~~~^^^^^^^^^^
  File "E:\Satrio\Projects\MouseApp\venv\Lib\site-packages\xlwings\main.py", line 5174, in open
    raise FileNotFoundError("No such file: '%s'" % fullname)
FileNotFoundError: No such file: 'E:\1. Sales Strategy\2025\1. DAILY REPORT\251007★ 25년 10월 해외점포 실적동향 (자카르탇점).xlsx'
2025-10-08 08:22:55,235 - INFO - Script started
2025-10-08 08:22:56,026 - INFO - Opening new workbook.
2025-10-08 08:22:57,083 - INFO - Workbook already open.
2025-10-08 08:22:57,794 - INFO - Script running succesfully, finished in 2.56 seconds
2025-10-09 07:25:31,402 - INFO - === Sales automation started ===
2025-10-09 07:26:14,117 - ERROR - Automation failed with an error
Traceback (most recent call last):
  File "E:\Satrio\Projects\MouseApp\main.py", line 212, in run_sales_automation
    _open_sales_analysis()
    ~~~~~~~~~~~~~~~~~~~~^^
  File "E:\Satrio\Projects\MouseApp\main.py", line 100, in _open_sales_analysis
    pyautogui.moveTo(*get_tuple("COORDS", key), duration=0.2)
    ~~~~~~~~~~~~~~~~^^^^^^^^^^^^^^^^^^^^^^^^^^^^^^^^^^^^^^^^^
  File "E:\Satrio\Projects\MouseApp\venv\Lib\site-packages\pyautogui\__init__.py", line 594, in wrapper
    returnVal = wrappedFunction(*args, **kwargs)
  File "E:\Satrio\Projects\MouseApp\venv\Lib\site-packages\pyautogui\__init__.py", line 1288, in moveTo
    _mouseMoveDrag("move", x, y, 0, 0, duration, tween)
    ~~~~~~~~~~~~~~^^^^^^^^^^^^^^^^^^^^^^^^^^^^^^^^^^^^^
  File "E:\Satrio\Projects\MouseApp\venv\Lib\site-packages\pyautogui\__init__.py", line 1504, in _mouseMoveDrag
    failSafeCheck()
    ~~~~~~~~~~~~~^^
  File "E:\Satrio\Projects\MouseApp\venv\Lib\site-packages\pyautogui\__init__.py", line 1734, in failSafeCheck
    raise FailSafeException(
        "PyAutoGUI fail-safe triggered from mouse moving to a corner of the screen. To disable this fail-safe, set pyautogui.FAILSAFE to False. DISABLING FAIL-SAFE IS NOT RECOMMENDED."
    )
pyautogui.FailSafeException: PyAutoGUI fail-safe triggered from mouse moving to a corner of the screen. To disable this fail-safe, set pyautogui.FAILSAFE to False. DISABLING FAIL-SAFE IS NOT RECOMMENDED.
2025-10-09 07:26:14,127 - INFO - Start time : 2025-10-09 07:25:31
2025-10-09 07:26:14,127 - INFO - End time   : 2025-10-09 07:26:14
2025-10-09 07:26:14,127 - INFO - Elapsed    : 0m 42s
2025-10-09 07:26:14,128 - ERROR - Uncaught exception
Traceback (most recent call last):
  File "E:\Satrio\Projects\MouseApp\main.py", line 277, in <module>
    run_sales_automation()
    ~~~~~~~~~~~~~~~~~~~~^^
  File "E:\Satrio\Projects\MouseApp\main.py", line 212, in run_sales_automation
    _open_sales_analysis()
    ~~~~~~~~~~~~~~~~~~~~^^
  File "E:\Satrio\Projects\MouseApp\main.py", line 100, in _open_sales_analysis
    pyautogui.moveTo(*get_tuple("COORDS", key), duration=0.2)
    ~~~~~~~~~~~~~~~~^^^^^^^^^^^^^^^^^^^^^^^^^^^^^^^^^^^^^^^^^
  File "E:\Satrio\Projects\MouseApp\venv\Lib\site-packages\pyautogui\__init__.py", line 594, in wrapper
    returnVal = wrappedFunction(*args, **kwargs)
  File "E:\Satrio\Projects\MouseApp\venv\Lib\site-packages\pyautogui\__init__.py", line 1288, in moveTo
    _mouseMoveDrag("move", x, y, 0, 0, duration, tween)
    ~~~~~~~~~~~~~~^^^^^^^^^^^^^^^^^^^^^^^^^^^^^^^^^^^^^
  File "E:\Satrio\Projects\MouseApp\venv\Lib\site-packages\pyautogui\__init__.py", line 1504, in _mouseMoveDrag
    failSafeCheck()
    ~~~~~~~~~~~~~^^
  File "E:\Satrio\Projects\MouseApp\venv\Lib\site-packages\pyautogui\__init__.py", line 1734, in failSafeCheck
    raise FailSafeException(
        "PyAutoGUI fail-safe triggered from mouse moving to a corner of the screen. To disable this fail-safe, set pyautogui.FAILSAFE to False. DISABLING FAIL-SAFE IS NOT RECOMMENDED."
    )
pyautogui.FailSafeException: PyAutoGUI fail-safe triggered from mouse moving to a corner of the screen. To disable this fail-safe, set pyautogui.FAILSAFE to False. DISABLING FAIL-SAFE IS NOT RECOMMENDED.
2025-10-09 07:27:07,146 - INFO - === Sales automation started ===
2025-10-09 07:28:17,797 - INFO - === input_sales started for day 8 ===
2025-10-09 07:28:19,524 - INFO - Workbook already open.
2025-10-09 07:28:30,499 - INFO - Daily report saved and closed
2025-10-09 07:28:31,024 - INFO - === input_sales finished in 0m 13s ===
2025-10-09 07:28:34,456 - INFO - === Sales automation finished successfully ===
2025-10-09 07:28:34,457 - INFO - Start time : 2025-10-09 07:27:07
2025-10-09 07:28:34,457 - INFO - End time   : 2025-10-09 07:28:34
2025-10-09 07:28:34,457 - INFO - Elapsed    : 1m 27s
2025-10-09 08:21:37,206 - INFO - Script started
2025-10-09 08:21:38,091 - INFO - Opening new workbook.
2025-10-09 08:21:39,123 - INFO - Workbook already open.
2025-10-09 08:21:40,062 - INFO - Script running succesfully, finished in 2.86 seconds
2025-10-10 08:21:39,473 - INFO - === Sales automation started ===
2025-10-10 08:22:48,990 - INFO - === input_sales started for day 9 ===
2025-10-10 08:22:50,696 - INFO - Workbook already open.
2025-10-10 08:23:00,917 - INFO - Daily report saved and closed
2025-10-10 08:23:01,444 - INFO - === input_sales finished in 0m 12s ===
2025-10-10 08:23:03,243 - INFO - === Sales automation finished successfully ===
2025-10-10 08:23:03,243 - INFO - Start time : 2025-10-10 08:21:39
2025-10-10 08:23:03,243 - INFO - End time   : 2025-10-10 08:23:03
2025-10-10 08:23:03,243 - INFO - Elapsed    : 1m 23s
2025-10-10 08:28:55,043 - INFO - Script started
2025-10-10 08:28:55,872 - INFO - Opening new workbook.
2025-10-10 08:28:56,900 - INFO - Workbook already open.
2025-10-10 08:28:57,730 - INFO - Script running succesfully, finished in 2.69 seconds
2025-10-12 20:18:41,345 - INFO - === Sales automation started ===
2025-10-12 20:20:00,036 - INFO - === input_sales started for day 10 ===
2025-10-12 20:20:02,263 - INFO - Workbook already open.
2025-10-12 20:20:15,518 - INFO - Daily report saved and closed
2025-10-12 20:20:16,413 - INFO - === input_sales finished in 0m 16s ===
2025-10-12 20:20:21,785 - INFO - === Sales automation finished successfully ===
2025-10-12 20:20:21,785 - INFO - Start time : 2025-10-12 20:18:41
2025-10-12 20:20:21,785 - INFO - End time   : 2025-10-12 20:20:21
2025-10-12 20:20:21,786 - INFO - Elapsed    : 1m 40s
2025-10-12 20:20:38,524 - INFO - === Sales automation started ===
2025-10-12 20:21:49,602 - INFO - === input_sales started for day 11 ===
2025-10-12 20:22:08,610 - INFO - Daily report saved and closed
2025-10-12 20:22:09,285 - INFO - === input_sales finished in 0m 19s ===
2025-10-12 23:02:02,235 - INFO - === Sales automation finished successfully ===
2025-10-12 23:02:02,242 - INFO - Start time : 2025-10-12 20:20:38
2025-10-12 23:02:02,243 - INFO - End time   : 2025-10-12 23:02:02
2025-10-12 23:02:02,243 - INFO - Elapsed    : 161m 23s
2025-10-12 23:02:21,057 - INFO - === Sales automation started ===
2025-10-12 23:03:37,280 - INFO - === input_sales started for day 12 ===
2025-10-12 23:03:56,084 - INFO - Daily report saved and closed
2025-10-12 23:03:56,750 - INFO - === input_sales finished in 0m 19s ===
2025-10-12 23:04:28,483 - INFO - === Sales automation finished successfully ===
2025-10-12 23:04:28,483 - INFO - Start time : 2025-10-12 23:02:21
2025-10-12 23:04:28,484 - INFO - End time   : 2025-10-12 23:04:28
2025-10-12 23:04:28,484 - INFO - Elapsed    : 2m 7s
2025-10-14 08:36:19,178 - INFO - === Sales automation started ===
2025-10-14 08:37:21,040 - INFO - === input_sales started for day 13 ===
2025-10-14 08:37:35,740 - INFO - Daily report saved and closed
2025-10-14 08:37:36,119 - INFO - === input_sales finished in 0m 15s ===
2025-10-14 08:37:37,392 - INFO - === Sales automation finished successfully ===
2025-10-14 08:37:37,392 - INFO - Start time : 2025-10-14 08:36:19
2025-10-14 08:37:37,392 - INFO - End time   : 2025-10-14 08:37:37
2025-10-14 08:37:37,393 - INFO - Elapsed    : 1m 18s
2025-10-14 08:42:04,524 - INFO - Script started
2025-10-14 08:42:05,493 - INFO - Opening new workbook.
2025-10-14 08:42:06,767 - INFO - Workbook already open.
2025-10-14 08:42:07,474 - INFO - Script running succesfully, finished in 2.95 seconds
2025-10-15 08:21:21,795 - INFO - === Sales automation started ===
2025-10-15 08:22:21,408 - INFO - === input_sales started for day 14 ===
2025-10-15 08:22:36,573 - INFO - Daily report saved and closed
2025-10-15 08:22:37,007 - INFO - === input_sales finished in 0m 15s ===
2025-10-15 08:22:38,418 - INFO - === Sales automation finished successfully ===
2025-10-15 08:22:38,418 - INFO - Start time : 2025-10-15 08:21:21
2025-10-15 08:22:38,418 - INFO - End time   : 2025-10-15 08:22:38
2025-10-15 08:22:38,418 - INFO - Elapsed    : 1m 16s
2025-10-15 08:28:35,232 - INFO - Script started
2025-10-15 08:28:35,719 - INFO - Opening new workbook.
2025-10-15 08:28:36,598 - INFO - Workbook already open.
2025-10-15 08:28:37,214 - INFO - Script running succesfully, finished in 1.98 seconds
2025-10-16 08:32:19,444 - INFO - === Sales automation started ===
2025-10-16 08:32:45,068 - INFO - Start time : 2025-10-16 08:32:19
2025-10-16 08:32:45,068 - INFO - End time   : 2025-10-16 08:32:45
2025-10-16 08:32:45,068 - INFO - Elapsed    : 0m 25s
2025-10-16 08:32:55,935 - INFO - === Sales automation started ===
2025-10-16 08:33:57,852 - INFO - === input_sales started for day 15 ===
2025-10-16 08:34:00,145 - INFO - Workbook already open.
2025-10-16 08:34:11,297 - INFO - Daily report saved and closed
2025-10-16 08:34:11,684 - INFO - === input_sales finished in 0m 13s ===
2025-10-16 08:34:12,941 - INFO - === Sales automation finished successfully ===
2025-10-16 08:34:12,942 - INFO - Start time : 2025-10-16 08:32:55
2025-10-16 08:34:12,942 - INFO - End time   : 2025-10-16 08:34:12
2025-10-16 08:34:12,942 - INFO - Elapsed    : 1m 17s
2025-10-16 08:46:25,195 - INFO - Script started
2025-10-16 08:46:26,074 - INFO - Opening new workbook.
2025-10-16 08:46:27,087 - INFO - Workbook already open.
2025-10-16 08:46:28,045 - INFO - Script running succesfully, finished in 2.85 seconds
2025-10-17 08:36:08,379 - INFO - === Sales automation started ===
2025-10-17 08:37:11,360 - INFO - === input_sales started for day 16 ===
2025-10-17 08:37:25,852 - INFO - Daily report saved and closed
2025-10-17 08:37:26,240 - INFO - === input_sales finished in 0m 14s ===
2025-10-17 08:37:27,732 - INFO - === Sales automation finished successfully ===
2025-10-17 08:37:27,733 - INFO - Start time : 2025-10-17 08:36:08
2025-10-17 08:37:27,733 - INFO - End time   : 2025-10-17 08:37:27
2025-10-17 08:37:27,733 - INFO - Elapsed    : 1m 19s
2025-10-17 08:44:23,767 - INFO - Script started
2025-10-17 08:44:24,359 - INFO - Opening new workbook.
2025-10-17 08:44:25,325 - INFO - Workbook already open.
2025-10-17 08:44:25,991 - INFO - Script running succesfully, finished in 2.22 seconds
2025-10-19 22:26:55,905 - INFO - === Sales automation started ===
2025-10-19 22:27:21,337 - ERROR - Automation failed with an error
Traceback (most recent call last):
  File "E:\Satrio\Projects\MouseApp\main.py", line 209, in run_sales_automation
    run_app_and_login(app_path, app_name)
    ~~~~~~~~~~~~~~~~~^^^^^^^^^^^^^^^^^^^^
  File "E:\Satrio\Projects\MouseApp\main.py", line 92, in run_app_and_login
    pyautogui.typewrite(password, interval=0.05)
    ~~~~~~~~~~~~~~~~~~~^^^^^^^^^^^^^^^^^^^^^^^^^
  File "E:\Satrio\Projects\MouseApp\venv\Lib\site-packages\pyautogui\__init__.py", line 593, in wrapper
    failSafeCheck()
    ~~~~~~~~~~~~~^^
  File "E:\Satrio\Projects\MouseApp\venv\Lib\site-packages\pyautogui\__init__.py", line 1734, in failSafeCheck
    raise FailSafeException(
        "PyAutoGUI fail-safe triggered from mouse moving to a corner of the screen. To disable this fail-safe, set pyautogui.FAILSAFE to False. DISABLING FAIL-SAFE IS NOT RECOMMENDED."
    )
pyautogui.FailSafeException: PyAutoGUI fail-safe triggered from mouse moving to a corner of the screen. To disable this fail-safe, set pyautogui.FAILSAFE to False. DISABLING FAIL-SAFE IS NOT RECOMMENDED.
2025-10-19 22:27:21,343 - INFO - Start time : 2025-10-19 22:26:55
2025-10-19 22:27:21,343 - INFO - End time   : 2025-10-19 22:27:21
2025-10-19 22:27:21,343 - INFO - Elapsed    : 0m 25s
2025-10-19 22:27:21,343 - ERROR - Uncaught exception
Traceback (most recent call last):
  File "E:\Satrio\Projects\MouseApp\main.py", line 277, in <module>
    run_sales_automation()
    ~~~~~~~~~~~~~~~~~~~~^^
  File "E:\Satrio\Projects\MouseApp\main.py", line 209, in run_sales_automation
    run_app_and_login(app_path, app_name)
    ~~~~~~~~~~~~~~~~~^^^^^^^^^^^^^^^^^^^^
  File "E:\Satrio\Projects\MouseApp\main.py", line 92, in run_app_and_login
    pyautogui.typewrite(password, interval=0.05)
    ~~~~~~~~~~~~~~~~~~~^^^^^^^^^^^^^^^^^^^^^^^^^
  File "E:\Satrio\Projects\MouseApp\venv\Lib\site-packages\pyautogui\__init__.py", line 593, in wrapper
    failSafeCheck()
    ~~~~~~~~~~~~~^^
  File "E:\Satrio\Projects\MouseApp\venv\Lib\site-packages\pyautogui\__init__.py", line 1734, in failSafeCheck
    raise FailSafeException(
        "PyAutoGUI fail-safe triggered from mouse moving to a corner of the screen. To disable this fail-safe, set pyautogui.FAILSAFE to False. DISABLING FAIL-SAFE IS NOT RECOMMENDED."
    )
pyautogui.FailSafeException: PyAutoGUI fail-safe triggered from mouse moving to a corner of the screen. To disable this fail-safe, set pyautogui.FAILSAFE to False. DISABLING FAIL-SAFE IS NOT RECOMMENDED.
2025-10-19 22:27:51,527 - INFO - === Sales automation started ===
2025-10-19 22:29:05,868 - INFO - === input_sales started for day 17 ===
2025-10-19 22:29:22,324 - INFO - Daily report saved and closed
2025-10-19 22:29:22,912 - INFO - === input_sales finished in 0m 17s ===
2025-10-19 22:29:26,432 - INFO - === Sales automation finished successfully ===
2025-10-19 22:29:26,432 - INFO - Start time : 2025-10-19 22:27:51
2025-10-19 22:29:26,433 - INFO - End time   : 2025-10-19 22:29:26
2025-10-19 22:29:26,433 - INFO - Elapsed    : 1m 34s
2025-10-19 22:29:50,547 - INFO - === Sales automation started ===
2025-10-19 22:31:00,159 - INFO - === input_sales started for day 18 ===
2025-10-19 22:31:14,797 - INFO - Daily report saved and closed
2025-10-19 22:31:15,200 - INFO - === input_sales finished in 0m 15s ===
2025-10-19 22:31:33,970 - INFO - === Sales automation finished successfully ===
2025-10-19 22:31:33,970 - INFO - Start time : 2025-10-19 22:29:50
2025-10-19 22:31:33,970 - INFO - End time   : 2025-10-19 22:31:33
2025-10-19 22:31:33,970 - INFO - Elapsed    : 1m 43s
2025-10-19 22:31:56,700 - INFO - === Sales automation started ===
2025-10-19 22:33:14,648 - INFO - === input_sales started for day 19 ===
2025-10-19 22:33:29,257 - INFO - Daily report saved and closed
2025-10-19 22:33:29,702 - INFO - === input_sales finished in 0m 15s ===
2025-10-19 22:34:05,563 - INFO - === Sales automation finished successfully ===
2025-10-19 22:34:05,563 - INFO - Start time : 2025-10-19 22:31:56
2025-10-19 22:34:05,564 - INFO - End time   : 2025-10-19 22:34:05
2025-10-19 22:34:05,564 - INFO - Elapsed    : 2m 8s
2025-10-21 08:30:57,156 - INFO - === Sales automation started ===
2025-10-21 08:32:04,759 - INFO - === input_sales started for day 20 ===
2025-10-21 08:32:06,206 - INFO - Workbook already open.
2025-10-21 08:32:15,959 - INFO - Daily report saved and closed
2025-10-21 08:32:16,382 - INFO - === input_sales finished in 0m 11s ===
2025-10-21 08:32:53,102 - INFO - === Sales automation finished successfully ===
2025-10-21 08:32:53,103 - INFO - Start time : 2025-10-21 08:30:57
2025-10-21 08:32:53,103 - INFO - End time   : 2025-10-21 08:32:53
2025-10-21 08:32:53,103 - INFO - Elapsed    : 1m 55s
2025-10-21 08:39:13,132 - INFO - Script started
2025-10-21 08:39:13,889 - INFO - Opening new workbook.
2025-10-21 08:39:14,869 - INFO - Workbook already open.
2025-10-21 08:39:15,603 - INFO - Script running succesfully, finished in 2.47 seconds
2025-10-22 08:28:28,895 - INFO - === Sales automation started ===
2025-10-22 08:29:30,708 - INFO - === input_sales started for day 21 ===
2025-10-22 08:29:31,902 - INFO - Workbook already open.
2025-10-22 08:29:40,929 - INFO - Daily report saved and closed
2025-10-22 08:29:41,308 - INFO - === input_sales finished in 0m 10s ===
2025-10-22 08:29:46,644 - INFO - === Sales automation finished successfully ===
2025-10-22 08:29:46,645 - INFO - Start time : 2025-10-22 08:28:28
2025-10-22 08:29:46,645 - INFO - End time   : 2025-10-22 08:29:46
2025-10-22 08:29:46,645 - INFO - Elapsed    : 1m 17s
2025-10-22 08:33:05,975 - INFO - Script started
2025-10-22 08:33:06,502 - INFO - Opening new workbook.
2025-10-22 08:33:07,297 - INFO - Workbook already open.
2025-10-22 08:33:07,902 - INFO - Script running succesfully, finished in 1.93 seconds
2025-10-23 08:33:55,114 - INFO - === Sales automation started ===
2025-10-23 08:35:00,083 - INFO - === input_sales started for day 22 ===
2025-10-23 08:35:15,067 - INFO - Daily report saved and closed
2025-10-23 08:35:15,583 - INFO - === input_sales finished in 0m 15s ===
2025-10-23 08:36:36,633 - INFO - === Sales automation started ===
2025-10-23 08:37:36,645 - INFO - === input_sales started for day 22 ===
2025-10-23 08:37:49,999 - INFO - Daily report saved and closed
2025-10-23 08:37:50,340 - INFO - === input_sales finished in 0m 13s ===
2025-10-23 08:38:10,992 - INFO - === Sales automation finished successfully ===
2025-10-23 08:38:10,993 - INFO - Start time : 2025-10-23 08:36:36
2025-10-23 08:38:10,993 - INFO - End time   : 2025-10-23 08:38:10
2025-10-23 08:38:10,993 - INFO - Elapsed    : 1m 34s
2025-10-23 08:42:12,267 - INFO - Script started
2025-10-23 08:42:12,876 - INFO - Opening new workbook.
2025-10-23 08:42:12,882 - ERROR - Uncaught exception
Traceback (most recent call last):
  File "E:\Satrio\Projects\MouseApp\daily_report.py", line 99, in <module>
    main()
    ~~~~^^
  File "E:\Satrio\Projects\MouseApp\daily_report.py", line 92, in main
    daily_2(daily_sales_report, input_sheet, revenue_sheet)
    ~~~~~~~^^^^^^^^^^^^^^^^^^^^^^^^^^^^^^^^^^^^^^^^^^^^^^^^
  File "E:\Satrio\Projects\MouseApp\daily_report.py", line 45, in daily_2
    wb = get_or_open_wb(final_filename)
  File "E:\Satrio\Projects\MouseApp\daily_report.py", line 22, in get_or_open_wb
    return xw.books.open(filepath)
           ~~~~~~~~~~~~~^^^^^^^^^^
  File "E:\Satrio\Projects\MouseApp\venv\Lib\site-packages\xlwings\main.py", line 5174, in open
    raise FileNotFoundError("No such file: '%s'" % fullname)
FileNotFoundError: No such file: 'E:\1. Sales Strategy\2025\1. DAILY REPORT\251022★ 25년 10월 해외점포 실적동향 (자카르탇점).xlsx'
2025-10-23 08:42:25,308 - INFO - Script started
2025-10-23 08:42:25,795 - INFO - Opening new workbook.
2025-10-23 08:42:26,602 - INFO - Workbook already open.
2025-10-23 08:42:27,210 - INFO - Script running succesfully, finished in 1.90 seconds
2025-10-24 08:17:48,383 - INFO - === Sales automation started ===
2025-10-24 08:18:55,532 - INFO - === input_sales started for day 23 ===
2025-10-24 08:19:09,738 - INFO - Daily report saved and closed
2025-10-24 08:19:10,100 - INFO - === input_sales finished in 0m 14s ===
2025-10-24 08:19:11,913 - INFO - === Sales automation finished successfully ===
2025-10-24 08:19:11,913 - INFO - Start time : 2025-10-24 08:17:48
2025-10-24 08:19:11,913 - INFO - End time   : 2025-10-24 08:19:11
2025-10-24 08:19:11,913 - INFO - Elapsed    : 1m 23s
2025-10-24 08:23:50,763 - INFO - Script started
2025-10-24 08:23:51,391 - INFO - Opening new workbook.
2025-10-24 08:23:52,288 - INFO - Workbook already open.
2025-10-24 08:23:52,990 - INFO - Script running succesfully, finished in 2.23 seconds
2025-10-26 22:10:23,927 - INFO - === Sales automation started ===
2025-10-26 22:11:28,777 - INFO - === input_sales started for day 24 ===
2025-10-26 22:11:44,248 - INFO - Daily report saved and closed
2025-10-26 22:11:44,909 - INFO - === input_sales finished in 0m 16s ===
2025-10-26 22:11:53,027 - INFO - === Sales automation finished successfully ===
2025-10-26 22:11:53,027 - INFO - Start time : 2025-10-26 22:10:23
2025-10-26 22:11:53,028 - INFO - End time   : 2025-10-26 22:11:53
2025-10-26 22:11:53,028 - INFO - Elapsed    : 1m 29s
2025-10-26 22:11:58,027 - INFO - === Sales automation started ===
2025-10-26 22:13:08,016 - INFO - === input_sales started for day 25 ===
2025-10-26 22:13:22,215 - INFO - Daily report saved and closed
2025-10-26 22:13:22,718 - INFO - === input_sales finished in 0m 14s ===
2025-10-26 22:13:47,013 - INFO - === Sales automation finished successfully ===
2025-10-26 22:13:47,014 - INFO - Start time : 2025-10-26 22:11:58
2025-10-26 22:13:47,014 - INFO - End time   : 2025-10-26 22:13:47
2025-10-26 22:13:47,014 - INFO - Elapsed    : 1m 48s
2025-10-26 22:13:57,894 - INFO - === Sales automation started ===
2025-10-26 22:16:04,373 - INFO - === input_sales started for day 26 ===
2025-10-26 22:16:18,298 - INFO - Daily report saved and closed
2025-10-26 22:16:18,768 - INFO - === input_sales finished in 0m 14s ===
2025-10-26 22:16:32,937 - INFO - === Sales automation finished successfully ===
2025-10-26 22:16:32,937 - INFO - Start time : 2025-10-26 22:13:57
2025-10-26 22:16:32,938 - INFO - End time   : 2025-10-26 22:16:32
2025-10-26 22:16:32,938 - INFO - Elapsed    : 2m 35s
2025-10-27 08:24:29,914 - INFO - Script started
2025-10-27 08:24:30,548 - INFO - Opening new workbook.
2025-10-27 08:24:31,543 - INFO - Workbook already open.
2025-10-27 08:24:32,335 - INFO - Script running succesfully, finished in 2.42 seconds
2025-10-27 14:27:56,342 - INFO - === Sales automation started ===
2025-10-27 14:28:15,686 - INFO - Start time : 2025-10-27 14:27:56
2025-10-27 14:28:15,686 - INFO - End time   : 2025-10-27 14:28:15
2025-10-27 14:28:15,687 - INFO - Elapsed    : 0m 19s
2025-10-27 14:28:20,688 - INFO - === Sales automation started ===
2025-10-27 14:29:28,162 - INFO - === input_sales started for day 25 ===
2025-10-27 14:29:29,656 - INFO - Workbook already open.
2025-10-27 14:29:39,681 - INFO - Daily report saved and closed
2025-10-27 14:29:40,136 - INFO - === input_sales finished in 0m 11s ===
2025-10-27 14:29:41,230 - INFO - === Sales automation finished successfully ===
2025-10-27 14:29:41,231 - INFO - Start time : 2025-10-27 14:28:20
2025-10-27 14:29:41,231 - INFO - End time   : 2025-10-27 14:29:41
2025-10-27 14:29:41,231 - INFO - Elapsed    : 1m 20s
2025-10-28 08:41:13,698 - INFO - === Sales automation started ===
2025-10-28 08:42:13,539 - INFO - === input_sales started for day 27 ===
2025-10-28 08:42:15,414 - INFO - Workbook already open.
2025-10-28 08:42:27,095 - INFO - Daily report saved and closed
2025-10-28 08:42:27,581 - INFO - === input_sales finished in 0m 14s ===
2025-10-28 08:42:29,820 - INFO - === Sales automation finished successfully ===
2025-10-28 08:42:29,820 - INFO - Start time : 2025-10-28 08:41:13
2025-10-28 08:42:29,820 - INFO - End time   : 2025-10-28 08:42:29
2025-10-28 08:42:29,820 - INFO - Elapsed    : 1m 16s
2025-10-28 08:49:52,701 - INFO - Script started
2025-10-28 08:49:53,693 - INFO - Opening new workbook.
2025-10-28 08:49:54,775 - INFO - Workbook already open.
2025-10-28 08:49:55,615 - INFO - Script running succesfully, finished in 2.91 seconds
2025-10-29 08:23:20,068 - INFO - === Sales automation started ===
2025-10-29 08:25:09,420 - INFO - === input_sales started for day 28 ===
2025-10-29 08:25:24,128 - INFO - Daily report saved and closed
2025-10-29 08:25:24,661 - INFO - === input_sales finished in 0m 15s ===
2025-10-29 08:25:26,198 - INFO - === Sales automation finished successfully ===
2025-10-29 08:25:26,198 - INFO - Start time : 2025-10-29 08:23:20
2025-10-29 08:25:26,199 - INFO - End time   : 2025-10-29 08:25:26
2025-10-29 08:25:26,199 - INFO - Elapsed    : 2m 6s
2025-10-29 08:32:10,621 - INFO - Script started
2025-10-29 08:32:11,477 - INFO - Opening new workbook.
2025-10-29 08:32:12,510 - INFO - Workbook already open.
2025-10-29 08:32:13,271 - INFO - Script running succesfully, finished in 2.65 seconds
2025-10-30 08:24:09,196 - INFO - === Sales automation started ===
2025-10-30 08:25:12,176 - INFO - === input_sales started for day 29 ===
2025-10-30 08:25:28,321 - INFO - Daily report saved and closed
2025-10-30 08:25:28,730 - INFO - === input_sales finished in 0m 16s ===
2025-10-30 08:25:36,687 - INFO - === Sales automation finished successfully ===
2025-10-30 08:25:36,687 - INFO - Start time : 2025-10-30 08:24:09
2025-10-30 08:25:36,688 - INFO - End time   : 2025-10-30 08:25:36
2025-10-30 08:25:36,688 - INFO - Elapsed    : 1m 27s
2025-10-30 08:30:41,403 - INFO - Script started
2025-10-30 08:30:42,122 - INFO - Opening new workbook.
2025-10-30 08:30:42,921 - INFO - Workbook already open.
2025-10-30 08:30:43,589 - INFO - Script running succesfully, finished in 2.19 seconds
2025-10-31 08:38:22,241 - INFO - === Sales automation started ===
2025-10-31 08:39:30,017 - INFO - === input_sales started for day 30 ===
2025-10-31 08:39:31,982 - INFO - Workbook already open.
2025-10-31 08:39:43,270 - INFO - Daily report saved and closed
2025-10-31 08:39:43,643 - INFO - === input_sales finished in 0m 13s ===
2025-10-31 08:40:13,143 - INFO - === Sales automation finished successfully ===
2025-10-31 08:40:13,143 - INFO - Start time : 2025-10-31 08:38:22
2025-10-31 08:40:13,144 - INFO - End time   : 2025-10-31 08:40:13
2025-10-31 08:40:13,144 - INFO - Elapsed    : 1m 50s
2025-10-31 08:47:03,508 - INFO - Script started
2025-10-31 08:47:04,250 - INFO - Opening new workbook.
2025-10-31 08:47:05,276 - INFO - Workbook already open.
2025-10-31 08:47:06,173 - INFO - Script running succesfully, finished in 2.66 seconds
2025-11-02 22:54:32,478 - INFO - === Sales automation started ===
2025-11-02 22:55:03,327 - ERROR - Automation failed with an error
Traceback (most recent call last):
  File "E:\Satrio\Projects\MouseApp\main.py", line 205, in run_sales_automation
    input_date = ask_for_date()
  File "E:\Satrio\Projects\MouseApp\main.py", line 38, in ask_for_date
    return datetime(today.year, today.month, int(day_str))
ValueError: day is out of range for month
2025-11-02 22:55:03,335 - INFO - Start time : 2025-11-02 22:54:32
2025-11-02 22:55:03,335 - INFO - End time   : 2025-11-02 22:55:03
2025-11-02 22:55:03,336 - INFO - Elapsed    : 0m 30s
2025-11-02 22:55:03,336 - ERROR - Uncaught exception
Traceback (most recent call last):
  File "E:\Satrio\Projects\MouseApp\main.py", line 277, in <module>
    run_sales_automation()
    ~~~~~~~~~~~~~~~~~~~~^^
  File "E:\Satrio\Projects\MouseApp\main.py", line 205, in run_sales_automation
    input_date = ask_for_date()
  File "E:\Satrio\Projects\MouseApp\main.py", line 38, in ask_for_date
    return datetime(today.year, today.month, int(day_str))
ValueError: day is out of range for month
2025-11-02 22:57:44,564 - INFO - === Sales automation started ===
2025-11-02 22:59:16,798 - ERROR - Automation failed with an error
Traceback (most recent call last):
  File "E:\Satrio\Projects\MouseApp\main.py", line 249, in run_sales_automation
    _daily_sales_analysis(input_day_str)
    ~~~~~~~~~~~~~~~~~~~~~^^^^^^^^^^^^^^^
  File "E:\Satrio\Projects\MouseApp\main.py", line 130, in _daily_sales_analysis
    wait_for_pixel(x, y, rgb)
    ~~~~~~~~~~~~~~^^^^^^^^^^^
  File "E:\Satrio\Projects\MouseApp\main.py", line 63, in wait_for_pixel
    raise TimeoutError(f"UI not ready after {timeout}s at pixel {x},{y}")
TimeoutError: UI not ready after 30s at pixel 1039,529
2025-11-02 22:59:16,803 - INFO - Start time : 2025-11-02 22:57:44
2025-11-02 22:59:16,803 - INFO - End time   : 2025-11-02 22:59:16
2025-11-02 22:59:16,804 - INFO - Elapsed    : 1m 32s
2025-11-02 22:59:16,804 - ERROR - Uncaught exception
Traceback (most recent call last):
  File "E:\Satrio\Projects\MouseApp\main.py", line 277, in <module>
    run_sales_automation()
    ~~~~~~~~~~~~~~~~~~~~^^
  File "E:\Satrio\Projects\MouseApp\main.py", line 249, in run_sales_automation
    _daily_sales_analysis(input_day_str)
    ~~~~~~~~~~~~~~~~~~~~~^^^^^^^^^^^^^^^
  File "E:\Satrio\Projects\MouseApp\main.py", line 130, in _daily_sales_analysis
    wait_for_pixel(x, y, rgb)
    ~~~~~~~~~~~~~~^^^^^^^^^^^
  File "E:\Satrio\Projects\MouseApp\main.py", line 63, in wait_for_pixel
    raise TimeoutError(f"UI not ready after {timeout}s at pixel {x},{y}")
TimeoutError: UI not ready after 30s at pixel 1039,529
2025-11-02 22:59:30,453 - INFO - === Sales automation started ===
2025-11-02 23:00:39,078 - INFO - === input_sales started for day 1 ===
2025-11-02 23:00:59,346 - INFO - Daily report saved and closed
2025-11-02 23:00:59,878 - INFO - === input_sales finished in 0m 20s ===
2025-11-02 23:01:04,383 - INFO - === Sales automation finished successfully ===
2025-11-02 23:01:04,383 - INFO - Start time : 2025-11-02 22:59:30
2025-11-02 23:01:04,383 - INFO - End time   : 2025-11-02 23:01:04
2025-11-02 23:01:04,383 - INFO - Elapsed    : 1m 33s
2025-11-02 23:01:20,294 - INFO - === Sales automation started ===
2025-11-02 23:02:44,649 - ERROR - Automation failed with an error
Traceback (most recent call last):
  File "E:\Satrio\Projects\MouseApp\main.py", line 249, in run_sales_automation
    _daily_sales_analysis(input_day_str)
    ~~~~~~~~~~~~~~~~~~~~~^^^^^^^^^^^^^^^
  File "E:\Satrio\Projects\MouseApp\main.py", line 130, in _daily_sales_analysis
    wait_for_pixel(x, y, rgb)
    ~~~~~~~~~~~~~~^^^^^^^^^^^
  File "E:\Satrio\Projects\MouseApp\main.py", line 63, in wait_for_pixel
    raise TimeoutError(f"UI not ready after {timeout}s at pixel {x},{y}")
TimeoutError: UI not ready after 30s at pixel 1039,529
2025-11-02 23:02:44,653 - INFO - Start time : 2025-11-02 23:01:20
2025-11-02 23:02:44,654 - INFO - End time   : 2025-11-02 23:02:44
2025-11-02 23:02:44,654 - INFO - Elapsed    : 1m 24s
2025-11-02 23:02:44,654 - ERROR - Uncaught exception
Traceback (most recent call last):
  File "E:\Satrio\Projects\MouseApp\main.py", line 277, in <module>
    run_sales_automation()
    ~~~~~~~~~~~~~~~~~~~~^^
  File "E:\Satrio\Projects\MouseApp\main.py", line 249, in run_sales_automation
    _daily_sales_analysis(input_day_str)
    ~~~~~~~~~~~~~~~~~~~~~^^^^^^^^^^^^^^^
  File "E:\Satrio\Projects\MouseApp\main.py", line 130, in _daily_sales_analysis
    wait_for_pixel(x, y, rgb)
    ~~~~~~~~~~~~~~^^^^^^^^^^^
  File "E:\Satrio\Projects\MouseApp\main.py", line 63, in wait_for_pixel
    raise TimeoutError(f"UI not ready after {timeout}s at pixel {x},{y}")
TimeoutError: UI not ready after 30s at pixel 1039,529
2025-11-02 23:03:08,015 - INFO - === Sales automation started ===
2025-11-02 23:04:36,251 - ERROR - Automation failed with an error
Traceback (most recent call last):
  File "E:\Satrio\Projects\MouseApp\main.py", line 249, in run_sales_automation
    _daily_sales_analysis(input_day_str)
    ~~~~~~~~~~~~~~~~~~~~~^^^^^^^^^^^^^^^
  File "E:\Satrio\Projects\MouseApp\main.py", line 130, in _daily_sales_analysis
    wait_for_pixel(x, y, rgb)
    ~~~~~~~~~~~~~~^^^^^^^^^^^
  File "E:\Satrio\Projects\MouseApp\main.py", line 63, in wait_for_pixel
    raise TimeoutError(f"UI not ready after {timeout}s at pixel {x},{y}")
TimeoutError: UI not ready after 30s at pixel 1039,529
2025-11-02 23:04:36,255 - INFO - Start time : 2025-11-02 23:03:08
2025-11-02 23:04:36,255 - INFO - End time   : 2025-11-02 23:04:36
2025-11-02 23:04:36,255 - INFO - Elapsed    : 1m 28s
2025-11-02 23:04:36,256 - ERROR - Uncaught exception
Traceback (most recent call last):
  File "E:\Satrio\Projects\MouseApp\main.py", line 277, in <module>
    run_sales_automation()
    ~~~~~~~~~~~~~~~~~~~~^^
  File "E:\Satrio\Projects\MouseApp\main.py", line 249, in run_sales_automation
    _daily_sales_analysis(input_day_str)
    ~~~~~~~~~~~~~~~~~~~~~^^^^^^^^^^^^^^^
  File "E:\Satrio\Projects\MouseApp\main.py", line 130, in _daily_sales_analysis
    wait_for_pixel(x, y, rgb)
    ~~~~~~~~~~~~~~^^^^^^^^^^^
  File "E:\Satrio\Projects\MouseApp\main.py", line 63, in wait_for_pixel
    raise TimeoutError(f"UI not ready after {timeout}s at pixel {x},{y}")
TimeoutError: UI not ready after 30s at pixel 1039,529
2025-11-02 23:04:57,468 - INFO - === Sales automation started ===
2025-11-02 23:06:04,735 - INFO - === input_sales started for day 2 ===
2025-11-02 23:06:19,806 - INFO - Daily report saved and closed
2025-11-02 23:06:20,275 - INFO - === input_sales finished in 0m 15s ===
2025-11-02 23:06:30,840 - INFO - === Sales automation finished successfully ===
2025-11-02 23:06:30,840 - INFO - Start time : 2025-11-02 23:04:57
2025-11-02 23:06:30,840 - INFO - End time   : 2025-11-02 23:06:30
2025-11-02 23:06:30,841 - INFO - Elapsed    : 1m 33s
2025-11-02 23:07:10,814 - INFO - === Sales automation started ===
2025-11-02 23:08:40,030 - INFO - Start time : 2025-11-02 23:07:10
2025-11-02 23:08:40,030 - INFO - End time   : 2025-11-02 23:08:40
2025-11-02 23:08:40,030 - INFO - Elapsed    : 1m 29s
2025-11-02 23:09:30,507 - INFO - === Sales automation started ===
2025-11-02 23:10:34,268 - INFO - === input_sales started for day 2 ===
2025-11-02 23:10:35,341 - INFO - Workbook already open.
2025-11-02 23:10:44,798 - INFO - Daily report saved and closed
2025-11-02 23:10:45,270 - INFO - === input_sales finished in 0m 11s ===
2025-11-02 23:11:01,472 - INFO - === Sales automation finished successfully ===
2025-11-02 23:11:01,473 - INFO - Start time : 2025-11-02 23:09:30
2025-11-02 23:11:01,473 - INFO - End time   : 2025-11-02 23:11:01
2025-11-02 23:11:01,473 - INFO - Elapsed    : 1m 30s
2025-11-02 23:12:59,948 - INFO - === Sales automation started ===
2025-11-02 23:14:12,070 - INFO - === input_sales started for day 2 ===
2025-11-02 23:14:13,115 - INFO - Workbook already open.
2025-11-02 23:14:22,939 - INFO - Daily report saved and closed
2025-11-02 23:14:23,430 - INFO - === input_sales finished in 0m 11s ===
2025-11-02 23:14:30,140 - INFO - === Sales automation finished successfully ===
2025-11-02 23:14:30,140 - INFO - Start time : 2025-11-02 23:12:59
2025-11-02 23:14:30,140 - INFO - End time   : 2025-11-02 23:14:30
2025-11-02 23:14:30,141 - INFO - Elapsed    : 1m 30s
2025-11-02 23:14:59,826 - INFO - === Sales automation started ===
2025-11-02 23:16:11,187 - INFO - === input_sales started for day 2 ===
2025-11-02 23:16:12,187 - INFO - Workbook already open.
2025-11-02 23:16:20,932 - INFO - Daily report saved and closed
2025-11-02 23:16:21,301 - INFO - === input_sales finished in 0m 10s ===
2025-11-02 23:16:50,027 - INFO - === Sales automation finished successfully ===
2025-11-02 23:16:50,027 - INFO - Start time : 2025-11-02 23:14:59
2025-11-02 23:16:50,028 - INFO - End time   : 2025-11-02 23:16:50
2025-11-02 23:16:50,028 - INFO - Elapsed    : 1m 50s
2025-11-04 08:26:41,845 - INFO - === Sales automation started ===
2025-11-04 08:27:52,927 - INFO - === input_sales started for day 3 ===
2025-11-04 08:28:11,884 - INFO - Daily report saved and closed
2025-11-04 08:28:12,534 - INFO - === input_sales finished in 0m 19s ===
2025-11-04 08:28:17,447 - INFO - === Sales automation finished successfully ===
2025-11-04 08:28:17,448 - INFO - Start time : 2025-11-04 08:26:41
2025-11-04 08:28:17,448 - INFO - End time   : 2025-11-04 08:28:17
2025-11-04 08:28:17,448 - INFO - Elapsed    : 1m 35s
2025-11-04 08:33:41,732 - INFO - Script started
2025-11-04 08:33:42,963 - INFO - Opening new workbook.
2025-11-04 08:33:44,280 - INFO - Workbook already open.
2025-11-04 08:33:45,377 - INFO - Script running succesfully, finished in 3.64 seconds
2025-11-05 08:06:52,662 - INFO - === Sales automation started ===
2025-11-05 08:07:06,728 - INFO - Start time : 2025-11-05 08:06:52
2025-11-05 08:07:06,729 - INFO - End time   : 2025-11-05 08:07:06
2025-11-05 08:07:06,729 - INFO - Elapsed    : 0m 14s
2025-11-05 08:07:16,589 - INFO - === Sales automation started ===
2025-11-05 08:08:14,701 - INFO - === input_sales started for day 4 ===
2025-11-05 08:08:30,671 - INFO - Daily report saved and closed
2025-11-05 08:08:31,103 - INFO - === input_sales finished in 0m 16s ===
2025-11-05 08:09:36,707 - INFO - === Sales automation finished successfully ===
2025-11-05 08:09:36,707 - INFO - Start time : 2025-11-05 08:07:16
2025-11-05 08:09:36,707 - INFO - End time   : 2025-11-05 08:09:36
2025-11-05 08:09:36,708 - INFO - Elapsed    : 2m 20s
2025-11-05 08:11:34,563 - INFO - Script started
2025-11-05 08:11:35,157 - INFO - Opening new workbook.
2025-11-05 08:11:36,149 - INFO - Workbook already open.
2025-11-05 08:11:36,772 - INFO - Script running succesfully, finished in 2.21 seconds
2025-11-06 08:16:28,293 - INFO - === Sales automation started ===
2025-11-06 08:16:50,686 - INFO - Start time : 2025-11-06 08:16:28
2025-11-06 08:16:50,687 - INFO - End time   : 2025-11-06 08:16:50
2025-11-06 08:16:50,687 - INFO - Elapsed    : 0m 22s
2025-11-06 08:16:53,882 - INFO - === Sales automation started ===
2025-11-06 08:17:57,526 - INFO - === input_sales started for day 5 ===
2025-11-06 08:17:59,377 - INFO - Workbook already open.
2025-11-06 08:18:10,247 - INFO - Daily report saved and closed
2025-11-06 08:18:10,705 - INFO - === input_sales finished in 0m 13s ===
2025-11-06 08:18:11,829 - INFO - === Sales automation finished successfully ===
2025-11-06 08:18:11,829 - INFO - Start time : 2025-11-06 08:16:53
2025-11-06 08:18:11,829 - INFO - End time   : 2025-11-06 08:18:11
2025-11-06 08:18:11,830 - INFO - Elapsed    : 1m 17s
2025-11-06 08:23:57,582 - INFO - Script started
2025-11-06 08:23:58,824 - INFO - Opening new workbook.
2025-11-06 08:24:00,051 - INFO - Workbook already open.
2025-11-06 08:24:00,782 - INFO - Script running succesfully, finished in 3.20 seconds
2025-11-07 08:19:21,396 - INFO - === Sales automation started ===
2025-11-07 08:20:28,722 - INFO - === input_sales started for day 6 ===
2025-11-07 08:20:44,368 - INFO - Daily report saved and closed
2025-11-07 08:20:44,842 - INFO - === input_sales finished in 0m 16s ===
2025-11-07 08:20:48,976 - INFO - === Sales automation finished successfully ===
2025-11-07 08:20:48,976 - INFO - Start time : 2025-11-07 08:19:21
2025-11-07 08:20:48,977 - INFO - End time   : 2025-11-07 08:20:48
2025-11-07 08:20:48,977 - INFO - Elapsed    : 1m 27s
2025-11-09 22:43:42,309 - INFO - === Sales automation started ===
2025-11-09 22:45:02,483 - INFO - === input_sales started for day 7 ===
2025-11-09 22:45:18,614 - INFO - Daily report saved and closed
2025-11-09 22:45:19,137 - INFO - === input_sales finished in 0m 16s ===
2025-11-09 22:45:33,521 - INFO - === Sales automation finished successfully ===
2025-11-09 22:45:33,522 - INFO - Start time : 2025-11-09 22:43:42
2025-11-09 22:45:33,522 - INFO - End time   : 2025-11-09 22:45:33
2025-11-09 22:45:33,522 - INFO - Elapsed    : 1m 51s
2025-11-09 22:46:27,499 - INFO - === Sales automation started ===
2025-11-09 22:47:42,953 - INFO - === input_sales started for day 8 ===
2025-11-09 22:47:57,351 - INFO - Daily report saved and closed
2025-11-09 22:47:57,910 - INFO - === input_sales finished in 0m 14s ===
2025-11-09 22:48:16,440 - INFO - === Sales automation finished successfully ===
2025-11-09 22:48:16,441 - INFO - Start time : 2025-11-09 22:46:27
2025-11-09 22:48:16,441 - INFO - End time   : 2025-11-09 22:48:16
2025-11-09 22:48:16,441 - INFO - Elapsed    : 1m 48s
2025-11-09 22:48:42,197 - INFO - === Sales automation started ===
2025-11-09 22:49:57,378 - INFO - === input_sales started for day 9 ===
2025-11-09 22:50:12,200 - INFO - Daily report saved and closed
2025-11-09 22:50:12,726 - INFO - === input_sales finished in 0m 15s ===
2025-11-09 22:50:21,825 - INFO - === Sales automation finished successfully ===
2025-11-09 22:50:21,825 - INFO - Start time : 2025-11-09 22:48:42
2025-11-09 22:50:21,826 - INFO - End time   : 2025-11-09 22:50:21
2025-11-09 22:50:21,826 - INFO - Elapsed    : 1m 39s
2025-11-11 08:38:40,404 - INFO - === Sales automation started ===
2025-11-11 08:39:48,119 - INFO - === input_sales started for day 10 ===
2025-11-11 08:40:09,076 - INFO - Daily report saved and closed
2025-11-11 08:40:09,842 - INFO - === input_sales finished in 0m 21s ===
2025-11-11 08:41:01,217 - INFO - === Sales automation finished successfully ===
2025-11-11 08:41:01,217 - INFO - Start time : 2025-11-11 08:38:40
2025-11-11 08:41:01,217 - INFO - End time   : 2025-11-11 08:41:01
2025-11-11 08:41:01,218 - INFO - Elapsed    : 2m 20s
2025-11-11 08:46:42,131 - INFO - Script started
2025-11-11 08:46:44,416 - INFO - Opening new workbook.
2025-11-11 08:46:46,417 - INFO - Workbook already open.
2025-11-11 08:46:47,876 - INFO - Script running succesfully, finished in 5.74 seconds
2025-11-12 08:23:19,401 - INFO - === Sales automation started ===
2025-11-12 08:24:27,447 - INFO - === input_sales started for day 11 ===
2025-11-12 08:24:28,903 - INFO - Workbook already open.
2025-11-12 08:24:37,785 - INFO - Daily report saved and closed
2025-11-12 08:24:38,213 - INFO - === input_sales finished in 0m 10s ===
2025-11-12 08:24:40,103 - INFO - === Sales automation finished successfully ===
2025-11-12 08:24:40,103 - INFO - Start time : 2025-11-12 08:23:19
2025-11-12 08:24:40,103 - INFO - End time   : 2025-11-12 08:24:40
2025-11-12 08:24:40,104 - INFO - Elapsed    : 1m 20s
2025-11-12 08:34:37,949 - INFO - Script started
2025-11-12 08:34:38,584 - INFO - Opening new workbook.
2025-11-12 08:34:39,512 - INFO - Workbook already open.
2025-11-12 08:34:40,232 - INFO - Script running succesfully, finished in 2.28 seconds
2025-11-13 07:22:42,036 - INFO - === Sales automation started ===
2025-11-13 07:23:25,652 - ERROR - Automation failed with an error
Traceback (most recent call last):
  File "E:\Satrio\Projects\MouseApp\main.py", line 244, in run_sales_automation
    _save_sales_report(floor_name, coord_key)
    ~~~~~~~~~~~~~~~~~~^^^^^^^^^^^^^^^^^^^^^^^
  File "E:\Satrio\Projects\MouseApp\main.py", line 191, in _save_sales_report
    pyautogui.moveTo(*get_tuple("COORDS", "back_button"), duration=0.5)
    ~~~~~~~~~~~~~~~~^^^^^^^^^^^^^^^^^^^^^^^^^^^^^^^^^^^^^^^^^^^^^^^^^^^
  File "E:\Satrio\Projects\MouseApp\venv\Lib\site-packages\pyautogui\__init__.py", line 593, in wrapper
    failSafeCheck()
    ~~~~~~~~~~~~~^^
  File "E:\Satrio\Projects\MouseApp\venv\Lib\site-packages\pyautogui\__init__.py", line 1734, in failSafeCheck
    raise FailSafeException(
        "PyAutoGUI fail-safe triggered from mouse moving to a corner of the screen. To disable this fail-safe, set pyautogui.FAILSAFE to False. DISABLING FAIL-SAFE IS NOT RECOMMENDED."
    )
pyautogui.FailSafeException: PyAutoGUI fail-safe triggered from mouse moving to a corner of the screen. To disable this fail-safe, set pyautogui.FAILSAFE to False. DISABLING FAIL-SAFE IS NOT RECOMMENDED.
2025-11-13 07:23:25,658 - INFO - Start time : 2025-11-13 07:22:42
2025-11-13 07:23:25,659 - INFO - End time   : 2025-11-13 07:23:25
2025-11-13 07:23:25,659 - INFO - Elapsed    : 0m 43s
2025-11-13 07:23:25,659 - ERROR - Uncaught exception
Traceback (most recent call last):
  File "E:\Satrio\Projects\MouseApp\main.py", line 280, in <module>
    run_sales_automation()
    ~~~~~~~~~~~~~~~~~~~~^^
  File "E:\Satrio\Projects\MouseApp\main.py", line 244, in run_sales_automation
    _save_sales_report(floor_name, coord_key)
    ~~~~~~~~~~~~~~~~~~^^^^^^^^^^^^^^^^^^^^^^^
  File "E:\Satrio\Projects\MouseApp\main.py", line 191, in _save_sales_report
    pyautogui.moveTo(*get_tuple("COORDS", "back_button"), duration=0.5)
    ~~~~~~~~~~~~~~~~^^^^^^^^^^^^^^^^^^^^^^^^^^^^^^^^^^^^^^^^^^^^^^^^^^^
  File "E:\Satrio\Projects\MouseApp\venv\Lib\site-packages\pyautogui\__init__.py", line 593, in wrapper
    failSafeCheck()
    ~~~~~~~~~~~~~^^
  File "E:\Satrio\Projects\MouseApp\venv\Lib\site-packages\pyautogui\__init__.py", line 1734, in failSafeCheck
    raise FailSafeException(
        "PyAutoGUI fail-safe triggered from mouse moving to a corner of the screen. To disable this fail-safe, set pyautogui.FAILSAFE to False. DISABLING FAIL-SAFE IS NOT RECOMMENDED."
    )
pyautogui.FailSafeException: PyAutoGUI fail-safe triggered from mouse moving to a corner of the screen. To disable this fail-safe, set pyautogui.FAILSAFE to False. DISABLING FAIL-SAFE IS NOT RECOMMENDED.
2025-11-13 07:23:50,765 - INFO - === Sales automation started ===
2025-11-13 07:24:28,604 - INFO - Start time : 2025-11-13 07:23:50
2025-11-13 07:24:28,604 - INFO - End time   : 2025-11-13 07:24:28
2025-11-13 07:24:28,604 - INFO - Elapsed    : 0m 37s
2025-11-13 07:24:29,071 - INFO - === Sales automation started ===
2025-11-13 07:24:41,382 - ERROR - Automation failed with an error
Traceback (most recent call last):
  File "E:\Satrio\Projects\MouseApp\main.py", line 208, in run_sales_automation
    input_date = ask_for_date()
  File "E:\Satrio\Projects\MouseApp\main.py", line 38, in ask_for_date
    return datetime(today.year, today.month, int(day_str))
                                             ~~~^^^^^^^^^
TypeError: int() argument must be a string, a bytes-like object or a real number, not 'NoneType'
2025-11-13 07:24:41,384 - INFO - Start time : 2025-11-13 07:24:29
2025-11-13 07:24:41,384 - INFO - End time   : 2025-11-13 07:24:41
2025-11-13 07:24:41,384 - INFO - Elapsed    : 0m 12s
2025-11-13 07:24:41,384 - ERROR - Uncaught exception
Traceback (most recent call last):
  File "E:\Satrio\Projects\MouseApp\main.py", line 280, in <module>
    run_sales_automation()
    ~~~~~~~~~~~~~~~~~~~~^^
  File "E:\Satrio\Projects\MouseApp\main.py", line 208, in run_sales_automation
    input_date = ask_for_date()
  File "E:\Satrio\Projects\MouseApp\main.py", line 38, in ask_for_date
    return datetime(today.year, today.month, int(day_str))
                                             ~~~^^^^^^^^^
TypeError: int() argument must be a string, a bytes-like object or a real number, not 'NoneType'
2025-11-13 07:27:43,475 - INFO - === Sales automation started ===
2025-11-13 07:28:28,674 - INFO - Start time : 2025-11-13 07:27:43
2025-11-13 07:28:28,674 - INFO - End time   : 2025-11-13 07:28:28
2025-11-13 07:28:28,674 - INFO - Elapsed    : 0m 45s
2025-11-13 07:34:11,170 - INFO - === Sales automation started ===
2025-11-13 07:34:25,786 - INFO - Start time : 2025-11-13 07:34:11
2025-11-13 07:34:25,786 - INFO - End time   : 2025-11-13 07:34:25
2025-11-13 07:34:25,786 - INFO - Elapsed    : 0m 14s
2025-11-13 07:40:37,419 - INFO - === Sales automation started ===
2025-11-13 07:41:39,921 - INFO - === input_sales started for day 12 ===
2025-11-13 07:41:57,351 - INFO - Daily report saved and closed
2025-11-13 07:41:57,707 - INFO - === input_sales finished in 0m 17s ===
2025-11-13 07:42:19,880 - INFO - === Sales automation finished successfully ===
2025-11-13 07:42:19,881 - INFO - Start time : 2025-11-13 07:40:37
2025-11-13 07:42:19,882 - INFO - End time   : 2025-11-13 07:42:19
2025-11-13 07:42:19,882 - INFO - Elapsed    : 1m 42s
2025-11-13 07:45:14,910 - INFO - Script started
2025-11-13 07:45:15,514 - INFO - Opening new workbook.
2025-11-13 07:45:16,357 - INFO - Workbook already open.
2025-11-13 07:45:17,080 - INFO - Script running succesfully, finished in 2.17 seconds
2025-11-14 08:08:44,218 - INFO - === Sales automation started ===
2025-11-14 08:09:52,887 - INFO - === input_sales started for day 13 ===
2025-11-14 08:09:54,387 - INFO - Workbook already open.
2025-11-14 08:10:03,989 - INFO - Daily report saved and closed
2025-11-14 08:10:04,353 - INFO - === input_sales finished in 0m 11s ===
2025-11-14 08:10:05,471 - INFO - === Sales automation finished successfully ===
2025-11-14 08:10:05,471 - INFO - Start time : 2025-11-14 08:08:44
2025-11-14 08:10:05,472 - INFO - End time   : 2025-11-14 08:10:05
2025-11-14 08:10:05,472 - INFO - Elapsed    : 1m 21s
2025-11-14 08:17:47,570 - INFO - Script started
2025-11-14 08:17:48,289 - INFO - Opening new workbook.
2025-11-14 08:17:49,182 - INFO - Workbook already open.
2025-11-14 08:17:49,957 - INFO - Script running succesfully, finished in 2.39 seconds
2025-11-14 08:30:55,033 - INFO - Script started
2025-11-14 08:30:55,634 - INFO - Workbook already open.
2025-11-14 08:30:55,683 - INFO - Workbook already open.
2025-11-14 08:30:57,077 - INFO - Script running succesfully, finished in 2.04 seconds
2025-11-14 08:41:27,401 - INFO - Script started
2025-11-14 08:41:28,047 - INFO - Opening new workbook.
2025-11-14 08:41:28,928 - INFO - Workbook already open.
2025-11-14 08:41:29,027 - INFO - input row: 382, 157.55800939822782, 400
2025-11-14 08:41:29,672 - INFO - Script running succesfully, finished in 2.27 seconds
2025-11-14 09:00:14,046 - INFO - Script started
2025-11-14 09:00:14,071 - INFO - Opening workbook → E:\1. Sales Strategy\2025\1. DAILY REPORT\251113★ 25년 11월 해외점포 실적동향 (자카르탇점).xlsx
2025-11-14 09:00:15,440 - INFO - Workbook already open → E:\1. Sales Strategy\2025\1. DAILY REPORT\11. Sales Report Nov 2025.xlsm
2025-11-14 09:00:15,502 - INFO - input row: 382, value: 159.5580093982278, last_row: 400
2025-11-14 09:00:16,099 - INFO - Script running succesfully, finished in 2.05 seconds
2025-11-14 09:03:43,394 - INFO - === Sales automation started ===
2025-11-14 09:04:08,465 - INFO - Start time : 2025-11-14 09:03:43
2025-11-14 09:04:08,465 - INFO - End time   : 2025-11-14 09:04:08
2025-11-14 09:04:08,466 - INFO - Elapsed    : 0m 25s
2025-11-16 22:48:34,276 - INFO - === Sales automation started ===
2025-11-16 22:49:52,124 - INFO - === input_sales started for day 14 ===
2025-11-16 22:49:54,216 - INFO - Workbook already open.
2025-11-16 22:50:05,240 - INFO - Daily report saved and closed
2025-11-16 22:50:05,822 - INFO - === input_sales finished in 0m 13s ===
2025-11-16 22:50:19,347 - INFO - === Sales automation finished successfully ===
2025-11-16 22:50:19,348 - INFO - Start time : 2025-11-16 22:48:34
2025-11-16 22:50:19,348 - INFO - End time   : 2025-11-16 22:50:19
2025-11-16 22:50:19,348 - INFO - Elapsed    : 1m 45s
2025-11-16 22:50:26,705 - INFO - === Sales automation started ===
2025-11-16 22:51:33,254 - INFO - === input_sales started for day 15 ===
2025-11-16 22:51:48,269 - INFO - Daily report saved and closed
2025-11-16 22:51:48,823 - INFO - === input_sales finished in 0m 15s ===
2025-11-16 22:51:50,436 - INFO - === Sales automation finished successfully ===
2025-11-16 22:51:50,436 - INFO - Start time : 2025-11-16 22:50:26
2025-11-16 22:51:50,437 - INFO - End time   : 2025-11-16 22:51:50
2025-11-16 22:51:50,437 - INFO - Elapsed    : 1m 23s
2025-11-16 22:52:01,245 - INFO - === Sales automation started ===
2025-11-16 22:53:08,307 - INFO - === input_sales started for day 16 ===
2025-11-16 22:53:23,360 - INFO - Daily report saved and closed
2025-11-16 22:53:23,906 - INFO - === input_sales finished in 0m 15s ===
2025-11-16 22:53:57,749 - INFO - === Sales automation finished successfully ===
2025-11-16 22:53:57,749 - INFO - Start time : 2025-11-16 22:52:01
2025-11-16 22:53:57,749 - INFO - End time   : 2025-11-16 22:53:57
2025-11-16 22:53:57,750 - INFO - Elapsed    : 1m 56s
2025-11-17 08:49:47,821 - INFO - Script started
2025-11-17 08:49:47,863 - INFO - Opening workbook → E:\1. Sales Strategy\2025\1. DAILY REPORT\251116★ 25년 11월 해외점포 실적동향 (자카르탇점).xlsx
2025-11-17 08:49:49,416 - INFO - Workbook already open → E:\1. Sales Strategy\2025\1. DAILY REPORT\11. Sales Report Nov 2025.xlsm
2025-11-17 08:49:49,479 - INFO - input row: 385, value: 234.58820031999997, last_row: 400
2025-11-17 08:49:50,365 - INFO - Script running succesfully, finished in 2.54 seconds
2025-11-18 08:31:22,826 - INFO - === Sales automation started ===
2025-11-18 08:32:31,511 - INFO - === input_sales started for day 17 ===
2025-11-18 08:33:49,133 - INFO - === input_sales finished in 1m 17s ===
2025-11-18 08:33:49,134 - INFO - Start time : 2025-11-18 08:31:22
2025-11-18 08:33:49,134 - INFO - End time   : 2025-11-18 08:33:49
2025-11-18 08:33:49,134 - INFO - Elapsed    : 2m 26s
2025-11-18 08:42:24,399 - INFO - Script started
2025-11-18 08:42:24,475 - INFO - Opening workbook → E:\1. Sales Strategy\2025\1. DAILY REPORT\251117★ 25년 11월 해외점포 실적동향 (자카르탇점).xlsx
2025-11-18 08:42:25,906 - INFO - Workbook already open → E:\1. Sales Strategy\2025\1. DAILY REPORT\11. Sales Report Nov 2025.xlsm
2025-11-18 08:42:25,991 - INFO - input row: 386, value: 130.7313336, last_row: 400
2025-11-18 08:42:26,557 - INFO - Script running succesfully, finished in 2.16 seconds
2025-11-19 07:43:41,894 - INFO - === Sales automation started ===
2025-11-19 07:44:52,358 - INFO - === input_sales started for day 18 ===
2025-11-19 07:44:54,115 - INFO - Workbook already open.
2025-11-19 07:45:05,082 - INFO - Daily report saved and closed
2025-11-19 07:45:05,642 - INFO - === input_sales finished in 0m 13s ===
2025-11-19 07:45:07,421 - INFO - === Sales automation finished successfully ===
2025-11-19 07:45:07,422 - INFO - Start time : 2025-11-19 07:43:41
2025-11-19 07:45:07,422 - INFO - End time   : 2025-11-19 07:45:07
2025-11-19 07:45:07,422 - INFO - Elapsed    : 1m 25s
2025-11-19 07:49:39,215 - INFO - Script started
2025-11-19 07:49:39,253 - INFO - Opening workbook → E:\1. Sales Strategy\2025\1. DAILY REPORT\251118★ 25년 11월 해외점포 실적동향 (자카르탇점).xlsx
2025-11-19 07:49:39,821 - ERROR - Uncaught exception
Traceback (most recent call last):
  File "E:\Satrio\Projects\MouseApp\daily_report.py", line 108, in <module>
    main()
    ~~~~^^
  File "E:\Satrio\Projects\MouseApp\daily_report.py", line 101, in main
    daily_2(daily_sales_report, input_sheet, revenue_sheet)
    ~~~~~~~^^^^^^^^^^^^^^^^^^^^^^^^^^^^^^^^^^^^^^^^^^^^^^^^
  File "E:\Satrio\Projects\MouseApp\daily_report.py", line 44, in daily_2
    wb, app, new_app = get_or_open_wb(final_filename)
                       ~~~~~~~~~~~~~~^^^^^^^^^^^^^^^^
  File "E:\Satrio\Projects\MouseApp\daily_report.py", line 22, in get_or_open_wb
    wb = app.books.open(filepath)
  File "E:\Satrio\Projects\MouseApp\venv\Lib\site-packages\xlwings\main.py", line 5174, in open
    raise FileNotFoundError("No such file: '%s'" % fullname)
FileNotFoundError: No such file: 'E:\1. Sales Strategy\2025\1. DAILY REPORT\251118★ 25년 11월 해외점포 실적동향 (자카르탇점).xlsx'
2025-11-19 07:49:51,019 - INFO - Script started
2025-11-19 07:49:51,067 - INFO - Opening workbook → E:\1. Sales Strategy\2025\1. DAILY REPORT\251118★ 25년 11월 해외점포 실적동향 (자카르탇점).xlsx
2025-11-19 07:49:52,714 - INFO - Workbook already open → E:\1. Sales Strategy\2025\1. DAILY REPORT\11. Sales Report Nov 2025.xlsm
2025-11-19 07:49:52,788 - INFO - input row: 387, value: 141.28449690066032, last_row: 400
2025-11-19 07:49:53,488 - INFO - Script running succesfully, finished in 2.47 seconds
2025-11-20 08:21:31,279 - INFO - === Sales automation started ===
2025-11-20 08:22:33,073 - INFO - === input_sales started for day 19 ===
2025-11-20 08:22:34,776 - INFO - Workbook already open.
2025-11-20 08:22:44,277 - INFO - Daily report saved and closed
2025-11-20 08:22:44,725 - INFO - === input_sales finished in 0m 11s ===
2025-11-20 08:22:45,929 - INFO - === Sales automation finished successfully ===
2025-11-20 08:22:45,929 - INFO - Start time : 2025-11-20 08:21:31
2025-11-20 08:22:45,929 - INFO - End time   : 2025-11-20 08:22:45
2025-11-20 08:22:45,929 - INFO - Elapsed    : 1m 14s
2025-11-20 08:30:16,468 - INFO - Script started
2025-11-20 08:30:16,588 - INFO - Opening workbook → E:\1. Sales Strategy\2025\1. DAILY REPORT\251119★ 25년 11월 해외점포 실적동향 (자카르탇점).xlsx
2025-11-20 08:30:18,408 - INFO - Workbook already open → E:\1. Sales Strategy\2025\1. DAILY REPORT\11. Sales Report Nov 2025.xlsm
2025-11-20 08:30:18,486 - INFO - input row: 388, value: 149.752242, last_row: 400
2025-11-20 08:30:19,190 - INFO - Script running succesfully, finished in 2.72 seconds
2025-11-21 08:41:23,031 - INFO - === Sales automation started ===
2025-11-21 08:42:25,899 - INFO - === input_sales started for day 20 ===
2025-11-21 08:42:42,574 - INFO - Daily report saved and closed
2025-11-21 08:42:43,044 - INFO - === input_sales finished in 0m 17s ===
2025-11-21 08:42:44,953 - INFO - === Sales automation finished successfully ===
2025-11-21 08:42:44,954 - INFO - Start time : 2025-11-21 08:41:23
2025-11-21 08:42:44,954 - INFO - End time   : 2025-11-21 08:42:44
2025-11-21 08:42:44,954 - INFO - Elapsed    : 1m 21s
2025-11-21 08:51:28,015 - INFO - Script started
2025-11-21 08:51:28,191 - INFO - Opening workbook → E:\1. Sales Strategy\2025\1. DAILY REPORT\251120★ 25년 11월 해외점포 실적동향 (자카르탇점).xlsx
2025-11-21 08:51:30,213 - INFO - Workbook already open → E:\1. Sales Strategy\2025\1. DAILY REPORT\11. Sales Report Nov 2025.xlsm
2025-11-21 08:51:30,293 - INFO - input row: 389, value: 153.1277779386766, last_row: 400
2025-11-21 08:51:31,183 - INFO - Script running succesfully, finished in 3.17 seconds
2025-11-23 23:12:04,989 - INFO - === Sales automation started ===
2025-11-23 23:13:11,824 - INFO - === input_sales started for day 21 ===
2025-11-23 23:13:14,090 - INFO - Workbook already open.
2025-11-23 23:13:23,327 - INFO - Daily report saved and closed
2025-11-23 23:13:23,817 - INFO - === input_sales finished in 0m 11s ===
2025-11-23 23:13:34,762 - INFO - === Sales automation finished successfully ===
2025-11-23 23:13:34,763 - INFO - Start time : 2025-11-23 23:12:04
2025-11-23 23:13:34,763 - INFO - End time   : 2025-11-23 23:13:34
2025-11-23 23:13:34,763 - INFO - Elapsed    : 1m 29s
2025-11-23 23:13:53,079 - INFO - === Sales automation started ===
2025-11-23 23:15:01,351 - INFO - === input_sales started for day 22 ===
2025-11-23 23:15:16,758 - INFO - Daily report saved and closed
2025-11-23 23:15:17,222 - INFO - === input_sales finished in 0m 15s ===
2025-11-23 23:15:38,782 - INFO - === Sales automation finished successfully ===
2025-11-23 23:15:38,783 - INFO - Start time : 2025-11-23 23:13:53
2025-11-23 23:15:38,783 - INFO - End time   : 2025-11-23 23:15:38
2025-11-23 23:15:38,783 - INFO - Elapsed    : 1m 45s
2025-11-23 23:15:50,297 - INFO - === Sales automation started ===
2025-11-23 23:16:56,029 - INFO - === input_sales started for day 23 ===
2025-11-23 23:17:11,086 - INFO - Daily report saved and closed
2025-11-23 23:17:11,428 - INFO - === input_sales finished in 0m 15s ===
2025-11-23 23:17:24,429 - INFO - === Sales automation finished successfully ===
2025-11-23 23:17:24,429 - INFO - Start time : 2025-11-23 23:15:50
2025-11-23 23:17:24,429 - INFO - End time   : 2025-11-23 23:17:24
2025-11-23 23:17:24,429 - INFO - Elapsed    : 1m 34s
2025-11-25 08:21:32,078 - INFO - === Sales automation started ===
2025-11-25 08:22:36,201 - INFO - === input_sales started for day 24 ===
2025-11-25 08:22:50,368 - INFO - Daily report saved and closed
2025-11-25 08:22:50,751 - INFO - === input_sales finished in 0m 14s ===
2025-11-25 08:22:52,170 - INFO - === Sales automation finished successfully ===
2025-11-25 08:22:52,171 - INFO - Start time : 2025-11-25 08:21:32
2025-11-25 08:22:52,171 - INFO - End time   : 2025-11-25 08:22:52
2025-11-25 08:22:52,171 - INFO - Elapsed    : 1m 20s
2025-11-25 08:31:21,238 - INFO - Script started
2025-11-25 08:31:21,345 - INFO - Opening workbook → E:\1. Sales Strategy\2025\1. DAILY REPORT\251124★ 25년 11월 해외점포 실적동향 (자카르탇점).xlsx
2025-11-25 08:31:23,066 - INFO - Workbook already open → E:\1. Sales Strategy\2025\1. DAILY REPORT\11. Sales Report Nov 2025.xlsm
2025-11-25 08:31:23,151 - INFO - input row: 393, value: 155.55496960000002, last_row: 400
2025-11-25 08:31:24,071 - INFO - Script running succesfully, finished in 2.83 seconds
2025-11-26 08:20:37,101 - INFO - === Sales automation started ===
2025-11-26 08:21:47,739 - INFO - === input_sales started for day 25 ===
2025-11-26 08:22:03,124 - INFO - Daily report saved and closed
2025-11-26 08:22:03,574 - INFO - === input_sales finished in 0m 15s ===
2025-11-26 08:22:04,751 - INFO - === Sales automation finished successfully ===
2025-11-26 08:22:04,751 - INFO - Start time : 2025-11-26 08:20:37
2025-11-26 08:22:04,751 - INFO - End time   : 2025-11-26 08:22:04
2025-11-26 08:22:04,751 - INFO - Elapsed    : 1m 27s
2025-11-26 08:33:56,666 - INFO - Script started
2025-11-26 08:33:56,808 - INFO - Opening workbook → E:\1. Sales Strategy\2025\1. DAILY REPORT\251125★ 25년 11월 해외점포 실적동향 (자카르탇점).xlsx
2025-11-26 08:33:58,542 - INFO - Workbook already open → E:\1. Sales Strategy\2025\1. DAILY REPORT\11. Sales Report Nov 2025.xlsm
2025-11-26 08:33:58,626 - INFO - input row: 394, value: 171.37133659694925, last_row: 400
2025-11-26 08:33:59,382 - INFO - Script running succesfully, finished in 2.72 seconds
2025-11-27 04:50:33,907 - INFO - === Sales automation started ===
2025-11-27 04:51:46,377 - INFO - === input_sales started for day 26 ===
2025-11-27 04:51:48,210 - INFO - Workbook already open.
2025-11-27 04:51:58,293 - INFO - Daily report saved and closed
2025-11-27 04:51:58,869 - INFO - === input_sales finished in 0m 12s ===
2025-11-27 04:52:01,236 - INFO - === Sales automation finished successfully ===
2025-11-27 04:52:01,236 - INFO - Start time : 2025-11-27 04:50:33
2025-11-27 04:52:01,237 - INFO - End time   : 2025-11-27 04:52:01
2025-11-27 04:52:01,237 - INFO - Elapsed    : 1m 27s
2025-11-27 04:58:56,029 - INFO - Script started
2025-11-27 04:58:56,175 - INFO - Opening workbook → E:\1. Sales Strategy\2025\1. DAILY REPORT\251126★ 25년 11월 해외점포 실적동향 (자카르탇점).xlsx
2025-11-27 04:58:57,950 - INFO - Workbook already open → E:\1. Sales Strategy\2025\1. DAILY REPORT\11. Sales Report Nov 2025.xlsm
2025-11-27 04:58:58,036 - INFO - input row: 395, value: 188.62259120000002, last_row: 400
2025-11-27 04:58:58,745 - INFO - Script running succesfully, finished in 2.72 seconds
2025-11-28 08:26:27,044 - INFO - === Sales automation started ===
2025-11-28 08:27:33,089 - INFO - === input_sales started for day 27 ===
2025-11-28 08:27:47,001 - INFO - Daily report saved and closed
2025-11-28 08:27:47,505 - INFO - === input_sales finished in 0m 14s ===
2025-11-28 08:27:49,200 - INFO - === Sales automation finished successfully ===
2025-11-28 08:27:49,200 - INFO - Start time : 2025-11-28 08:26:27
2025-11-28 08:27:49,200 - INFO - End time   : 2025-11-28 08:27:49
2025-11-28 08:27:49,200 - INFO - Elapsed    : 1m 22s
2025-11-28 08:34:59,003 - INFO - Script started
2025-11-28 08:34:59,099 - INFO - Opening workbook → E:\1. Sales Strategy\2025\1. DAILY REPORT\251127★ 25년 11월 해외점포 실적동향 (자카르탇점).xlsx
2025-11-28 08:34:59,713 - ERROR - Uncaught exception
Traceback (most recent call last):
  File "E:\Satrio\Projects\MouseApp\daily_report.py", line 108, in <module>
    main()
    ~~~~^^
  File "E:\Satrio\Projects\MouseApp\daily_report.py", line 101, in main
    daily_2(daily_sales_report, input_sheet, revenue_sheet)
    ~~~~~~~^^^^^^^^^^^^^^^^^^^^^^^^^^^^^^^^^^^^^^^^^^^^^^^^
  File "E:\Satrio\Projects\MouseApp\daily_report.py", line 44, in daily_2
    wb, app, new_app = get_or_open_wb(final_filename)
                       ~~~~~~~~~~~~~~^^^^^^^^^^^^^^^^
  File "E:\Satrio\Projects\MouseApp\daily_report.py", line 22, in get_or_open_wb
    wb = app.books.open(filepath)
  File "E:\Satrio\Projects\MouseApp\venv\Lib\site-packages\xlwings\main.py", line 5174, in open
    raise FileNotFoundError("No such file: '%s'" % fullname)
FileNotFoundError: No such file: 'E:\1. Sales Strategy\2025\1. DAILY REPORT\251127★ 25년 11월 해외점포 실적동향 (자카르탇점).xlsx'
2025-11-28 08:35:08,015 - INFO - Script started
2025-11-28 08:35:08,117 - INFO - Opening workbook → E:\1. Sales Strategy\2025\1. DAILY REPORT\251127★ 25년 11월 해외점포 실적동향 (자카르탇점).xlsx
2025-11-28 08:35:09,637 - INFO - Workbook already open → E:\1. Sales Strategy\2025\1. DAILY REPORT\11. Sales Report Nov 2025.xlsm
2025-11-28 08:35:09,720 - INFO - input row: 396, value: 175.79918960000003, last_row: 400
2025-11-28 08:35:10,431 - INFO - Script running succesfully, finished in 2.42 seconds
2025-11-30 22:22:54,371 - INFO - === Sales automation started ===
2025-11-30 22:24:06,981 - INFO - Start time : 2025-11-30 22:22:54
2025-11-30 22:24:06,981 - INFO - End time   : 2025-11-30 22:24:06
2025-11-30 22:24:06,982 - INFO - Elapsed    : 1m 12s
2025-11-30 22:24:21,921 - INFO - === Sales automation started ===
2025-11-30 22:25:25,605 - INFO - === input_sales started for day 28 ===
2025-11-30 22:25:42,661 - INFO - Daily report saved and closed
2025-11-30 22:25:43,392 - INFO - === input_sales finished in 0m 17s ===
2025-11-30 22:25:51,074 - INFO - === Sales automation finished successfully ===
2025-11-30 22:25:51,074 - INFO - Start time : 2025-11-30 22:24:21
2025-11-30 22:25:51,074 - INFO - End time   : 2025-11-30 22:25:51
2025-11-30 22:25:51,074 - INFO - Elapsed    : 1m 29s
2025-11-30 22:26:27,135 - INFO - === Sales automation started ===
2025-11-30 22:27:39,381 - INFO - === input_sales started for day 29 ===
2025-11-30 22:27:40,516 - INFO - Workbook already open.
2025-11-30 22:27:50,433 - INFO - Daily report saved and closed
2025-11-30 22:27:51,088 - INFO - === input_sales finished in 0m 11s ===
2025-11-30 22:28:08,608 - INFO - === Sales automation finished successfully ===
2025-11-30 22:28:08,609 - INFO - Start time : 2025-11-30 22:26:27
2025-11-30 22:28:08,609 - INFO - End time   : 2025-11-30 22:28:08
2025-11-30 22:28:08,609 - INFO - Elapsed    : 1m 41s
2025-11-30 22:29:20,967 - INFO - === Sales automation started ===
2025-11-30 22:30:30,463 - INFO - === input_sales started for day 30 ===
2025-11-30 22:30:46,011 - INFO - Daily report saved and closed
2025-11-30 22:30:46,728 - INFO - === input_sales finished in 0m 16s ===
2025-11-30 22:31:06,106 - INFO - === Sales automation finished successfully ===
2025-11-30 22:31:06,106 - INFO - Start time : 2025-11-30 22:29:20
2025-11-30 22:31:06,106 - INFO - End time   : 2025-11-30 22:31:06
2025-11-30 22:31:06,106 - INFO - Elapsed    : 1m 45s
2025-11-30 22:37:50,664 - INFO - Script started
2025-11-30 22:37:50,713 - INFO - Opening workbook → E:\1. Sales Strategy\2025\1. DAILY REPORT\251129★ 25년 11월 해외점포 실적동향 (자카르탇점).xlsx
2025-11-30 22:37:51,197 - ERROR - Uncaught exception
Traceback (most recent call last):
  File "E:\Satrio\Projects\MouseApp\daily_report.py", line 108, in <module>
    main()
    ~~~~^^
  File "E:\Satrio\Projects\MouseApp\daily_report.py", line 101, in main
    daily_2(daily_sales_report, input_sheet, revenue_sheet)
    ~~~~~~~^^^^^^^^^^^^^^^^^^^^^^^^^^^^^^^^^^^^^^^^^^^^^^^^
  File "E:\Satrio\Projects\MouseApp\daily_report.py", line 44, in daily_2
    wb, app, new_app = get_or_open_wb(final_filename)
                       ~~~~~~~~~~~~~~^^^^^^^^^^^^^^^^
  File "E:\Satrio\Projects\MouseApp\daily_report.py", line 22, in get_or_open_wb
    wb = app.books.open(filepath)
  File "E:\Satrio\Projects\MouseApp\venv\Lib\site-packages\xlwings\main.py", line 5174, in open
    raise FileNotFoundError("No such file: '%s'" % fullname)
FileNotFoundError: No such file: 'E:\1. Sales Strategy\2025\1. DAILY REPORT\251129★ 25년 11월 해외점포 실적동향 (자카르탇점).xlsx'
2025-12-02 08:27:47,768 - INFO - === Sales automation started ===
2025-12-02 08:27:53,213 - ERROR - Automation failed with an error
Traceback (most recent call last):
  File "E:\Satrio\Projects\MouseApp\main.py", line 205, in run_sales_automation
    input_date = ask_for_date()
  File "E:\Satrio\Projects\MouseApp\main.py", line 38, in ask_for_date
    return datetime(today.year, today.month, int(day_str))
                                             ~~~^^^^^^^^^
TypeError: int() argument must be a string, a bytes-like object or a real number, not 'NoneType'
2025-12-02 08:27:53,215 - INFO - Start time : 2025-12-02 08:27:47
2025-12-02 08:27:53,215 - INFO - End time   : 2025-12-02 08:27:53
2025-12-02 08:27:53,215 - INFO - Elapsed    : 0m 5s
2025-12-02 08:27:53,216 - ERROR - Uncaught exception
Traceback (most recent call last):
  File "E:\Satrio\Projects\MouseApp\main.py", line 277, in <module>
    run_sales_automation()
    ~~~~~~~~~~~~~~~~~~~~^^
  File "E:\Satrio\Projects\MouseApp\main.py", line 205, in run_sales_automation
    input_date = ask_for_date()
  File "E:\Satrio\Projects\MouseApp\main.py", line 38, in ask_for_date
    return datetime(today.year, today.month, int(day_str))
                                             ~~~^^^^^^^^^
TypeError: int() argument must be a string, a bytes-like object or a real number, not 'NoneType'
2025-12-02 08:28:22,532 - INFO - === Sales automation started ===
2025-12-02 08:28:41,375 - ERROR - Automation failed with an error
Traceback (most recent call last):
  File "E:\Satrio\Projects\MouseApp\main.py", line 205, in run_sales_automation
    input_date = ask_for_date()
  File "E:\Satrio\Projects\MouseApp\main.py", line 38, in ask_for_date
    return datetime(today.year, today.month, int(day_str))
                                             ~~~^^^^^^^^^
TypeError: int() argument must be a string, a bytes-like object or a real number, not 'NoneType'
2025-12-02 08:28:41,376 - INFO - Start time : 2025-12-02 08:28:22
2025-12-02 08:28:41,377 - INFO - End time   : 2025-12-02 08:28:41
2025-12-02 08:28:41,377 - INFO - Elapsed    : 0m 18s
2025-12-02 08:28:41,377 - ERROR - Uncaught exception
Traceback (most recent call last):
  File "E:\Satrio\Projects\MouseApp\main.py", line 277, in <module>
    run_sales_automation()
    ~~~~~~~~~~~~~~~~~~~~^^
  File "E:\Satrio\Projects\MouseApp\main.py", line 205, in run_sales_automation
    input_date = ask_for_date()
  File "E:\Satrio\Projects\MouseApp\main.py", line 38, in ask_for_date
    return datetime(today.year, today.month, int(day_str))
                                             ~~~^^^^^^^^^
TypeError: int() argument must be a string, a bytes-like object or a real number, not 'NoneType'
2025-12-02 08:29:28,895 - INFO - === Sales automation started ===
2025-12-02 08:30:31,937 - INFO - === input_sales started for day 1 ===
2025-12-02 08:30:34,349 - INFO - Workbook already open.
2025-12-02 08:30:45,371 - INFO - Daily report saved and closed
2025-12-02 08:30:46,045 - INFO - === input_sales finished in 0m 14s ===
2025-12-02 08:30:48,160 - INFO - === Sales automation finished successfully ===
2025-12-02 08:30:48,161 - INFO - Start time : 2025-12-02 08:29:28
2025-12-02 08:30:48,161 - INFO - End time   : 2025-12-02 08:30:48
2025-12-02 08:30:48,161 - INFO - Elapsed    : 1m 19s
2025-12-02 08:42:38,782 - INFO - Script started
2025-12-02 08:42:39,029 - INFO - Opening workbook → E:\1. Sales Strategy\2025\1. DAILY REPORT\251201★ 25년 12월 해외점포 실적동향 (자카르탇점).xlsx
2025-12-02 08:42:41,067 - INFO - Workbook already open → E:\1. Sales Strategy\2025\1. DAILY REPORT\12. Sales Report Dec 2025.xlsm
2025-12-02 08:42:41,151 - INFO - input row: 406, value: 144.47208472129884, last_row: 437
2025-12-02 08:42:42,417 - INFO - Script running succesfully, finished in 3.64 seconds
2025-12-03 08:32:17,392 - INFO - === Sales automation started ===
2025-12-03 08:32:30,126 - INFO - Start time : 2025-12-03 08:32:17
2025-12-03 08:32:30,127 - INFO - End time   : 2025-12-03 08:32:30
2025-12-03 08:32:30,127 - INFO - Elapsed    : 0m 12s
2025-12-03 08:32:33,246 - INFO - === Sales automation started ===
2025-12-03 08:33:33,376 - INFO - === input_sales started for day 2 ===
2025-12-03 08:33:48,134 - INFO - Daily report saved and closed
2025-12-03 08:33:48,478 - INFO - === input_sales finished in 0m 15s ===
2025-12-03 08:33:50,355 - INFO - === Sales automation finished successfully ===
2025-12-03 08:33:50,355 - INFO - Start time : 2025-12-03 08:32:33
2025-12-03 08:33:50,356 - INFO - End time   : 2025-12-03 08:33:50
2025-12-03 08:33:50,356 - INFO - Elapsed    : 1m 17s
2025-12-03 08:40:25,983 - INFO - Script started
2025-12-03 08:40:26,086 - INFO - Opening workbook → E:\1. Sales Strategy\2025\1. DAILY REPORT\251202★ 25년 12월 해외점포 실적동향 (자카르탇점).xlsx
2025-12-03 08:40:27,586 - INFO - Workbook already open → E:\1. Sales Strategy\2025\1. DAILY REPORT\12. Sales Report Dec 2025.xlsm
2025-12-03 08:40:27,672 - INFO - input row: 407, value: 153.1980376, last_row: 437
2025-12-03 08:40:28,234 - INFO - Script running succesfully, finished in 2.25 seconds
2025-12-04 08:13:40,865 - INFO - === Sales automation started ===
2025-12-04 08:13:52,255 - INFO - Start time : 2025-12-04 08:13:40
2025-12-04 08:13:52,255 - INFO - End time   : 2025-12-04 08:13:52
2025-12-04 08:13:52,256 - INFO - Elapsed    : 0m 11s
2025-12-04 08:14:08,420 - INFO - === Sales automation started ===
2025-12-04 08:15:32,136 - ERROR - Automation failed with an error
Traceback (most recent call last):
  File "E:\Satrio\Projects\MouseApp\main.py", line 249, in run_sales_automation
    _daily_sales_analysis(input_day_str)
    ~~~~~~~~~~~~~~~~~~~~~^^^^^^^^^^^^^^^
  File "E:\Satrio\Projects\MouseApp\main.py", line 130, in _daily_sales_analysis
    wait_for_pixel(x, y, rgb)
    ~~~~~~~~~~~~~~^^^^^^^^^^^
  File "E:\Satrio\Projects\MouseApp\main.py", line 63, in wait_for_pixel
    raise TimeoutError(f"UI not ready after {timeout}s at pixel {x},{y}")
TimeoutError: UI not ready after 30s at pixel 1039,529
2025-12-04 08:15:32,146 - INFO - Start time : 2025-12-04 08:14:08
2025-12-04 08:15:32,147 - INFO - End time   : 2025-12-04 08:15:32
2025-12-04 08:15:32,147 - INFO - Elapsed    : 1m 23s
2025-12-04 08:15:32,147 - ERROR - Uncaught exception
Traceback (most recent call last):
  File "E:\Satrio\Projects\MouseApp\main.py", line 277, in <module>
    run_sales_automation()
    ~~~~~~~~~~~~~~~~~~~~^^
  File "E:\Satrio\Projects\MouseApp\main.py", line 249, in run_sales_automation
    _daily_sales_analysis(input_day_str)
    ~~~~~~~~~~~~~~~~~~~~~^^^^^^^^^^^^^^^
  File "E:\Satrio\Projects\MouseApp\main.py", line 130, in _daily_sales_analysis
    wait_for_pixel(x, y, rgb)
    ~~~~~~~~~~~~~~^^^^^^^^^^^
  File "E:\Satrio\Projects\MouseApp\main.py", line 63, in wait_for_pixel
    raise TimeoutError(f"UI not ready after {timeout}s at pixel {x},{y}")
TimeoutError: UI not ready after 30s at pixel 1039,529
2025-12-04 08:15:57,788 - INFO - === Sales automation started ===
2025-12-04 08:17:00,854 - INFO - === input_sales started for day 3 ===
2025-12-04 08:17:15,083 - INFO - Daily report saved and closed
2025-12-04 08:17:15,446 - INFO - === input_sales finished in 0m 14s ===
2025-12-04 08:17:41,527 - INFO - === Sales automation finished successfully ===
2025-12-04 08:17:41,528 - INFO - Start time : 2025-12-04 08:15:57
2025-12-04 08:17:41,528 - INFO - End time   : 2025-12-04 08:17:41
2025-12-04 08:17:41,528 - INFO - Elapsed    : 1m 43s
2025-12-04 08:29:07,566 - INFO - Script started
2025-12-04 08:29:07,709 - INFO - Opening workbook → E:\1. Sales Strategy\2025\1. DAILY REPORT\251203★ 25년 12월 해외점포 실적동향 (자카르탇점).xlsx
2025-12-04 08:29:09,331 - INFO - Workbook already open → E:\1. Sales Strategy\2025\1. DAILY REPORT\12. Sales Report Dec 2025.xlsm
2025-12-04 08:29:09,412 - INFO - input row: 408, value: 158.38666840000002, last_row: 437
2025-12-04 08:29:10,035 - INFO - Script running succesfully, finished in 2.47 seconds
2025-12-05 08:40:06,485 - INFO - === Sales automation started ===
2025-12-05 08:41:11,927 - INFO - === input_sales started for day 4 ===
2025-12-05 08:41:14,990 - INFO - Workbook already open.
2025-12-05 08:41:26,915 - INFO - Daily report saved and closed
2025-12-05 08:41:27,370 - INFO - === input_sales finished in 0m 15s ===
2025-12-05 08:41:29,134 - INFO - === Sales automation finished successfully ===
2025-12-05 08:41:29,135 - INFO - Start time : 2025-12-05 08:40:06
2025-12-05 08:41:29,135 - INFO - End time   : 2025-12-05 08:41:29
2025-12-05 08:41:29,135 - INFO - Elapsed    : 1m 22s
2025-12-05 08:43:50,319 - INFO - Script started
2025-12-05 08:43:50,536 - INFO - Opening workbook → E:\1. Sales Strategy\2025\1. DAILY REPORT\251204★ 25년 12월 해외점포 실적동향 (자카르탇점).xlsx
2025-12-05 08:43:53,132 - INFO - Workbook already open → E:\1. Sales Strategy\2025\1. DAILY REPORT\12. Sales Report Dec 2025.xlsm
2025-12-05 08:43:53,210 - INFO - input row: 409, value: 156.9936724, last_row: 437
2025-12-05 08:43:53,849 - INFO - Script running succesfully, finished in 3.53 seconds
2025-12-07 23:13:49,865 - INFO - === Sales automation started ===
2025-12-07 23:15:02,886 - INFO - === input_sales started for day 5 ===
2025-12-07 23:15:18,729 - INFO - Daily report saved and closed
2025-12-07 23:15:19,254 - INFO - === input_sales finished in 0m 16s ===
2025-12-07 23:15:22,377 - INFO - === Sales automation finished successfully ===
2025-12-07 23:15:22,377 - INFO - Start time : 2025-12-07 23:13:49
2025-12-07 23:15:22,377 - INFO - End time   : 2025-12-07 23:15:22
2025-12-07 23:15:22,377 - INFO - Elapsed    : 1m 32s
2025-12-07 23:15:28,039 - INFO - === Sales automation started ===
2025-12-07 23:16:36,319 - INFO - === input_sales started for day 6 ===
2025-12-07 23:16:50,026 - INFO - Daily report saved and closed
2025-12-07 23:16:50,435 - INFO - === input_sales finished in 0m 14s ===
2025-12-07 23:16:52,744 - INFO - === Sales automation finished successfully ===
2025-12-07 23:16:52,744 - INFO - Start time : 2025-12-07 23:15:28
2025-12-07 23:16:52,745 - INFO - End time   : 2025-12-07 23:16:52
2025-12-07 23:16:52,745 - INFO - Elapsed    : 1m 24s
2025-12-07 23:17:00,004 - INFO - === Sales automation started ===
2025-12-07 23:18:06,669 - INFO - === input_sales started for day 7 ===
2025-12-07 23:18:20,175 - INFO - Daily report saved and closed
2025-12-07 23:18:20,580 - INFO - === input_sales finished in 0m 13s ===
2025-12-07 23:18:25,787 - INFO - === Sales automation finished successfully ===
2025-12-07 23:18:25,787 - INFO - Start time : 2025-12-07 23:17:00
2025-12-07 23:18:25,788 - INFO - End time   : 2025-12-07 23:18:25
2025-12-07 23:18:25,788 - INFO - Elapsed    : 1m 25s
2025-12-09 08:30:04,451 - INFO - === Sales automation started ===
2025-12-09 08:31:17,835 - INFO - === input_sales started for day 8 ===
2025-12-09 08:31:34,904 - INFO - Daily report saved and closed
2025-12-09 08:31:35,285 - INFO - === input_sales finished in 0m 17s ===
2025-12-09 08:31:37,640 - INFO - === Sales automation finished successfully ===
2025-12-09 08:31:37,640 - INFO - Start time : 2025-12-09 08:30:04
2025-12-09 08:31:37,641 - INFO - End time   : 2025-12-09 08:31:37
2025-12-09 08:31:37,641 - INFO - Elapsed    : 1m 33s
2025-12-09 08:37:44,942 - INFO - Script started
2025-12-09 08:37:45,314 - INFO - Opening workbook → E:\1. Sales Strategy\2025\1. DAILY REPORT\251208★ 25년 12월 해외점포 실적동향 (자카르탇점).xlsx
2025-12-09 08:37:47,653 - INFO - Workbook already open → E:\1. Sales Strategy\2025\1. DAILY REPORT\12. Sales Report Dec 2025.xlsm
2025-12-09 08:37:47,739 - INFO - input row: 413, value: 165.20451994689594, last_row: 437
2025-12-09 08:37:48,499 - INFO - Script running succesfully, finished in 3.56 seconds
2025-12-10 08:05:06,147 - INFO - === Sales automation started ===
2025-12-10 08:06:18,000 - INFO - === input_sales started for day 9 ===
2025-12-10 08:06:21,680 - ERROR - Error during input_sales execution
Traceback (most recent call last):
  File "E:\Satrio\Projects\MouseApp\venv\Lib\site-packages\xlwings\_xlwindows.py", line 767, in __call__
    return Book(xl=self.xl(name_or_index))
                   ~~~~~~~^^^^^^^^^^^^^^^
  File "E:\Satrio\Projects\MouseApp\venv\Lib\site-packages\xlwings\_xlwindows.py", line 236, in __call__
    v = self._inner(*args, **kwargs)
  File "C:\Users\LSAI-S~1\AppData\Local\Temp\gen_py\3.13\00020813-0000-0000-C000-000000000046x0x1x9.py", line 39983, in __call__
    ret = self._oleobj_.InvokeTypes(0, LCID, 2, (13, 0), ((12, 1),),Index
    	)
pywintypes.com_error: (-2147352567, 'Exception occurred.', (0, None, None, None, 0, -2147352565), None)

During handling of the above exception, another exception occurred:

Traceback (most recent call last):
  File "E:\Satrio\Projects\MouseApp\venv\Lib\site-packages\xlwings\main.py", line 5182, in open
    impl = self.impl(name)
  File "E:\Satrio\Projects\MouseApp\venv\Lib\site-packages\xlwings\_xlwindows.py", line 769, in __call__
    raise KeyError(name_or_index)
KeyError: '12. Sales Report Dec 2025.xlsm'

During handling of the above exception, another exception occurred:

Traceback (most recent call last):
  File "E:\Satrio\Projects\MouseApp\sales_auto.py", line 25, in input_sales
    daily = _get_or_open_wb(paths["daily_report"])
  File "E:\Satrio\Projects\MouseApp\sales_auto.py", line 93, in _get_or_open_wb
    return xw.books.open(filepath)
           ~~~~~~~~~~~~~^^^^^^^^^^
  File "E:\Satrio\Projects\MouseApp\venv\Lib\site-packages\xlwings\main.py", line 5189, in open
    impl = self.impl.open(
        fullname,
    ...<13 lines>...
        corrupt_load,
    )
  File "E:\Satrio\Projects\MouseApp\venv\Lib\site-packages\xlwings\_xlwindows.py", line 800, in open
    xl=self.xl.Open(
        fullname,
    ...<13 lines>...
        corrupt_load,
    )
  File "E:\Satrio\Projects\MouseApp\venv\Lib\site-packages\xlwings\_xlwindows.py", line 122, in __call__
    v = self.__method(*args, **kwargs)
  File "C:\Users\LSAI-S~1\AppData\Local\Temp\gen_py\3.13\00020813-0000-0000-C000-000000000046x0x1x9.py", line 39860, in Open
    ret = self._oleobj_.InvokeTypes(1923, LCID, 1, (13, 0), ((8, 1), (12, 17), (12, 17), (12, 17), (12, 17), (12, 17), (12, 17), (12, 17), (12, 17), (12, 17), (12, 17), (12, 17), (12, 17), (12, 17), (12, 17)),Filename
    	, UpdateLinks, ReadOnly, Format, Password, WriteResPassword
    	, IgnoreReadOnlyRecommended, Origin, Delimiter, Editable, Notify
    	, Converter, AddToMru, Local, CorruptLoad)
pywintypes.com_error: (-2147352567, 'Exception occurred.', (0, 'Microsoft Excel', 'Open method of Workbooks class failed', 'xlmain11.chm', 0, -2146827284), None)
2025-12-10 08:06:21,838 - INFO - === input_sales finished in 0m 3s ===
2025-12-10 08:06:21,838 - ERROR - Automation failed with an error
Traceback (most recent call last):
  File "E:\Satrio\Projects\MouseApp\venv\Lib\site-packages\xlwings\_xlwindows.py", line 767, in __call__
    return Book(xl=self.xl(name_or_index))
                   ~~~~~~~^^^^^^^^^^^^^^^
  File "E:\Satrio\Projects\MouseApp\venv\Lib\site-packages\xlwings\_xlwindows.py", line 236, in __call__
    v = self._inner(*args, **kwargs)
  File "C:\Users\LSAI-S~1\AppData\Local\Temp\gen_py\3.13\00020813-0000-0000-C000-000000000046x0x1x9.py", line 39983, in __call__
    ret = self._oleobj_.InvokeTypes(0, LCID, 2, (13, 0), ((12, 1),),Index
    	)
pywintypes.com_error: (-2147352567, 'Exception occurred.', (0, None, None, None, 0, -2147352565), None)

During handling of the above exception, another exception occurred:

Traceback (most recent call last):
  File "E:\Satrio\Projects\MouseApp\venv\Lib\site-packages\xlwings\main.py", line 5182, in open
    impl = self.impl(name)
  File "E:\Satrio\Projects\MouseApp\venv\Lib\site-packages\xlwings\_xlwindows.py", line 769, in __call__
    raise KeyError(name_or_index)
KeyError: '12. Sales Report Dec 2025.xlsm'

During handling of the above exception, another exception occurred:

Traceback (most recent call last):
  File "E:\Satrio\Projects\MouseApp\main.py", line 252, in run_sales_automation
    sato.input_sales(input_date.day)
    ~~~~~~~~~~~~~~~~^^^^^^^^^^^^^^^^
  File "E:\Satrio\Projects\MouseApp\sales_auto.py", line 25, in input_sales
    daily = _get_or_open_wb(paths["daily_report"])
  File "E:\Satrio\Projects\MouseApp\sales_auto.py", line 93, in _get_or_open_wb
    return xw.books.open(filepath)
           ~~~~~~~~~~~~~^^^^^^^^^^
  File "E:\Satrio\Projects\MouseApp\venv\Lib\site-packages\xlwings\main.py", line 5189, in open
    impl = self.impl.open(
        fullname,
    ...<13 lines>...
        corrupt_load,
    )
  File "E:\Satrio\Projects\MouseApp\venv\Lib\site-packages\xlwings\_xlwindows.py", line 800, in open
    xl=self.xl.Open(
        fullname,
    ...<13 lines>...
        corrupt_load,
    )
  File "E:\Satrio\Projects\MouseApp\venv\Lib\site-packages\xlwings\_xlwindows.py", line 122, in __call__
    v = self.__method(*args, **kwargs)
  File "C:\Users\LSAI-S~1\AppData\Local\Temp\gen_py\3.13\00020813-0000-0000-C000-000000000046x0x1x9.py", line 39860, in Open
    ret = self._oleobj_.InvokeTypes(1923, LCID, 1, (13, 0), ((8, 1), (12, 17), (12, 17), (12, 17), (12, 17), (12, 17), (12, 17), (12, 17), (12, 17), (12, 17), (12, 17), (12, 17), (12, 17), (12, 17), (12, 17)),Filename
    	, UpdateLinks, ReadOnly, Format, Password, WriteResPassword
    	, IgnoreReadOnlyRecommended, Origin, Delimiter, Editable, Notify
    	, Converter, AddToMru, Local, CorruptLoad)
pywintypes.com_error: (-2147352567, 'Exception occurred.', (0, 'Microsoft Excel', 'Open method of Workbooks class failed', 'xlmain11.chm', 0, -2146827284), None)
2025-12-10 08:06:21,841 - INFO - Start time : 2025-12-10 08:05:06
2025-12-10 08:06:21,841 - INFO - End time   : 2025-12-10 08:06:21
2025-12-10 08:06:21,841 - INFO - Elapsed    : 1m 15s
2025-12-10 08:06:21,842 - ERROR - Uncaught exception
Traceback (most recent call last):
  File "E:\Satrio\Projects\MouseApp\venv\Lib\site-packages\xlwings\_xlwindows.py", line 767, in __call__
    return Book(xl=self.xl(name_or_index))
                   ~~~~~~~^^^^^^^^^^^^^^^
  File "E:\Satrio\Projects\MouseApp\venv\Lib\site-packages\xlwings\_xlwindows.py", line 236, in __call__
    v = self._inner(*args, **kwargs)
  File "C:\Users\LSAI-S~1\AppData\Local\Temp\gen_py\3.13\00020813-0000-0000-C000-000000000046x0x1x9.py", line 39983, in __call__
    ret = self._oleobj_.InvokeTypes(0, LCID, 2, (13, 0), ((12, 1),),Index
    	)
pywintypes.com_error: (-2147352567, 'Exception occurred.', (0, None, None, None, 0, -2147352565), None)

During handling of the above exception, another exception occurred:

Traceback (most recent call last):
  File "E:\Satrio\Projects\MouseApp\venv\Lib\site-packages\xlwings\main.py", line 5182, in open
    impl = self.impl(name)
  File "E:\Satrio\Projects\MouseApp\venv\Lib\site-packages\xlwings\_xlwindows.py", line 769, in __call__
    raise KeyError(name_or_index)
KeyError: '12. Sales Report Dec 2025.xlsm'

During handling of the above exception, another exception occurred:

Traceback (most recent call last):
  File "E:\Satrio\Projects\MouseApp\main.py", line 277, in <module>
    run_sales_automation()
    ~~~~~~~~~~~~~~~~~~~~^^
  File "E:\Satrio\Projects\MouseApp\main.py", line 252, in run_sales_automation
    sato.input_sales(input_date.day)
    ~~~~~~~~~~~~~~~~^^^^^^^^^^^^^^^^
  File "E:\Satrio\Projects\MouseApp\sales_auto.py", line 25, in input_sales
    daily = _get_or_open_wb(paths["daily_report"])
  File "E:\Satrio\Projects\MouseApp\sales_auto.py", line 93, in _get_or_open_wb
    return xw.books.open(filepath)
           ~~~~~~~~~~~~~^^^^^^^^^^
  File "E:\Satrio\Projects\MouseApp\venv\Lib\site-packages\xlwings\main.py", line 5189, in open
    impl = self.impl.open(
        fullname,
    ...<13 lines>...
        corrupt_load,
    )
  File "E:\Satrio\Projects\MouseApp\venv\Lib\site-packages\xlwings\_xlwindows.py", line 800, in open
    xl=self.xl.Open(
        fullname,
    ...<13 lines>...
        corrupt_load,
    )
  File "E:\Satrio\Projects\MouseApp\venv\Lib\site-packages\xlwings\_xlwindows.py", line 122, in __call__
    v = self.__method(*args, **kwargs)
  File "C:\Users\LSAI-S~1\AppData\Local\Temp\gen_py\3.13\00020813-0000-0000-C000-000000000046x0x1x9.py", line 39860, in Open
    ret = self._oleobj_.InvokeTypes(1923, LCID, 1, (13, 0), ((8, 1), (12, 17), (12, 17), (12, 17), (12, 17), (12, 17), (12, 17), (12, 17), (12, 17), (12, 17), (12, 17), (12, 17), (12, 17), (12, 17), (12, 17)),Filename
    	, UpdateLinks, ReadOnly, Format, Password, WriteResPassword
    	, IgnoreReadOnlyRecommended, Origin, Delimiter, Editable, Notify
    	, Converter, AddToMru, Local, CorruptLoad)
pywintypes.com_error: (-2147352567, 'Exception occurred.', (0, 'Microsoft Excel', 'Open method of Workbooks class failed', 'xlmain11.chm', 0, -2146827284), None)
2025-12-10 08:07:54,970 - INFO - === Sales automation started ===
2025-12-10 08:08:56,581 - INFO - === input_sales started for day 9 ===
2025-12-10 08:09:12,278 - INFO - Daily report saved and closed
2025-12-10 08:09:12,771 - INFO - === input_sales finished in 0m 16s ===
2025-12-10 08:09:15,078 - INFO - === Sales automation finished successfully ===
2025-12-10 08:09:15,078 - INFO - Start time : 2025-12-10 08:07:54
2025-12-10 08:09:15,079 - INFO - End time   : 2025-12-10 08:09:15
2025-12-10 08:09:15,079 - INFO - Elapsed    : 1m 20s
2025-12-10 08:16:57,467 - INFO - Script started
2025-12-10 08:16:57,531 - INFO - Opening workbook → E:\1. Sales Strategy\2025\1. DAILY REPORT\251209★ 25년 12월 해외점포 실적동향 (자카르탇점).xlsx
2025-12-10 08:16:59,955 - INFO - Workbook already open → E:\1. Sales Strategy\2025\1. DAILY REPORT\12. Sales Report Dec 2025.xlsm
2025-12-10 08:17:00,062 - INFO - input row: 414, value: 169.52885759999998, last_row: 437
2025-12-10 08:17:01,123 - INFO - Script running succesfully, finished in 3.66 seconds
2025-12-11 08:16:32,170 - INFO - === Sales automation started ===
2025-12-11 08:16:41,526 - INFO - Start time : 2025-12-11 08:16:32
2025-12-11 08:16:41,526 - INFO - End time   : 2025-12-11 08:16:41
2025-12-11 08:16:41,526 - INFO - Elapsed    : 0m 9s
2025-12-11 08:16:44,189 - INFO - === Sales automation started ===
2025-12-11 08:17:49,645 - INFO - === input_sales started for day 10 ===
2025-12-11 08:18:06,705 - INFO - Daily report saved and closed
2025-12-11 08:18:07,017 - INFO - === input_sales finished in 0m 17s ===
2025-12-11 08:19:04,907 - INFO - === Sales automation finished successfully ===
2025-12-11 08:19:04,907 - INFO - Start time : 2025-12-11 08:16:44
2025-12-11 08:19:04,907 - INFO - End time   : 2025-12-11 08:19:04
2025-12-11 08:19:04,908 - INFO - Elapsed    : 2m 20s
2025-12-11 08:28:44,222 - INFO - Script started
2025-12-11 08:28:44,453 - INFO - Opening workbook → E:\1. Sales Strategy\2025\1. DAILY REPORT\251210★ 25년 12월 해외점포 실적동향 (자카르탇점).xlsx
2025-12-11 08:28:46,242 - INFO - Workbook already open → E:\1. Sales Strategy\2025\1. DAILY REPORT\12. Sales Report Dec 2025.xlsm
2025-12-11 08:28:46,319 - INFO - input row: 415, value: 171.04329118489815, last_row: 437
2025-12-11 08:28:46,966 - INFO - Script running succesfully, finished in 2.74 seconds
2025-12-12 08:05:51,072 - INFO - === Sales automation started ===
2025-12-12 08:06:58,516 - INFO - === input_sales started for day 11 ===
2025-12-12 08:07:12,029 - INFO - Daily report saved and closed
2025-12-12 08:07:12,497 - INFO - === input_sales finished in 0m 13s ===
2025-12-12 08:07:16,882 - INFO - === Sales automation finished successfully ===
2025-12-12 08:07:16,883 - INFO - Start time : 2025-12-12 08:05:51
2025-12-12 08:07:16,883 - INFO - End time   : 2025-12-12 08:07:16
2025-12-12 08:07:16,883 - INFO - Elapsed    : 1m 25s
2025-12-12 08:12:02,688 - INFO - Script started
2025-12-12 08:12:02,847 - INFO - Opening workbook → E:\1. Sales Strategy\2025\1. DAILY REPORT\251211★ 25년 12월 해외점포 실적동향 (자카르탇점).xlsx
2025-12-12 08:12:04,534 - INFO - Workbook already open → E:\1. Sales Strategy\2025\1. DAILY REPORT\12. Sales Report Dec 2025.xlsm
2025-12-12 08:12:04,619 - INFO - input row: 416, value: 185.92592632, last_row: 437
2025-12-12 08:12:05,239 - INFO - Script running succesfully, finished in 2.55 seconds
2025-12-14 23:26:40,856 - INFO - === Sales automation started ===
2025-12-14 23:27:58,637 - INFO - === input_sales started for day 12 ===
2025-12-14 23:28:13,956 - INFO - Daily report saved and closed
2025-12-14 23:28:14,563 - INFO - === input_sales finished in 0m 15s ===
2025-12-14 23:28:52,480 - INFO - === Sales automation finished successfully ===
2025-12-14 23:28:52,480 - INFO - Start time : 2025-12-14 23:26:40
2025-12-14 23:28:52,481 - INFO - End time   : 2025-12-14 23:28:52
2025-12-14 23:28:52,481 - INFO - Elapsed    : 2m 11s
2025-12-14 23:28:59,597 - INFO - === Sales automation started ===
2025-12-14 23:29:45,617 - INFO - Start time : 2025-12-14 23:28:59
2025-12-14 23:29:45,617 - INFO - End time   : 2025-12-14 23:29:45
2025-12-14 23:29:45,617 - INFO - Elapsed    : 0m 46s
2025-12-14 23:29:53,490 - INFO - === Sales automation started ===
2025-12-14 23:30:12,170 - INFO - Start time : 2025-12-14 23:29:53
2025-12-14 23:30:12,171 - INFO - End time   : 2025-12-14 23:30:12
2025-12-14 23:30:12,171 - INFO - Elapsed    : 0m 18s
2025-12-14 23:30:41,869 - INFO - === Sales automation started ===
2025-12-14 23:31:50,040 - INFO - === input_sales started for day 13 ===
2025-12-14 23:31:53,122 - INFO - === input_sales finished in 0m 3s ===
2025-12-14 23:31:53,122 - INFO - Start time : 2025-12-14 23:30:41
2025-12-14 23:31:53,122 - INFO - End time   : 2025-12-14 23:31:53
2025-12-14 23:31:53,122 - INFO - Elapsed    : 1m 11s
2025-12-14 23:32:10,251 - INFO - === Sales automation started ===
2025-12-14 23:32:48,149 - INFO - Start time : 2025-12-14 23:32:10
2025-12-14 23:32:48,150 - INFO - End time   : 2025-12-14 23:32:48
2025-12-14 23:32:48,150 - INFO - Elapsed    : 0m 37s
2025-12-14 23:33:04,406 - INFO - === Sales automation started ===
2025-12-14 23:33:18,424 - INFO - Start time : 2025-12-14 23:33:04
2025-12-14 23:33:18,424 - INFO - End time   : 2025-12-14 23:33:18
2025-12-14 23:33:18,425 - INFO - Elapsed    : 0m 14s
2025-12-14 23:33:35,643 - INFO - === Sales automation started ===
2025-12-14 23:34:45,944 - INFO - === input_sales started for day 13 ===
2025-12-14 23:34:59,504 - INFO - Daily report saved and closed
2025-12-14 23:34:59,878 - INFO - === input_sales finished in 0m 13s ===
2025-12-14 23:35:02,076 - INFO - === Sales automation finished successfully ===
2025-12-14 23:35:02,076 - INFO - Start time : 2025-12-14 23:33:35
2025-12-14 23:35:02,076 - INFO - End time   : 2025-12-14 23:35:02
2025-12-14 23:35:02,076 - INFO - Elapsed    : 1m 26s
2025-12-14 23:35:11,202 - INFO - === Sales automation started ===
2025-12-14 23:36:19,489 - INFO - === input_sales started for day 14 ===
2025-12-14 23:36:33,239 - INFO - Daily report saved and closed
2025-12-14 23:36:33,602 - INFO - === input_sales finished in 0m 14s ===
2025-12-14 23:36:35,060 - INFO - === Sales automation finished successfully ===
2025-12-14 23:36:35,061 - INFO - Start time : 2025-12-14 23:35:11
2025-12-14 23:36:35,061 - INFO - End time   : 2025-12-14 23:36:35
2025-12-14 23:36:35,061 - INFO - Elapsed    : 1m 23s
2025-12-16 08:35:45,194 - INFO - === Sales automation started ===
2025-12-16 08:36:55,421 - INFO - === input_sales started for day 15 ===
2025-12-16 08:36:58,149 - INFO - Workbook already open.
2025-12-16 08:37:07,355 - INFO - Daily report saved and closed
2025-12-16 08:37:07,798 - INFO - === input_sales finished in 0m 12s ===
2025-12-16 08:37:08,925 - INFO - === Sales automation finished successfully ===
2025-12-16 08:37:08,925 - INFO - Start time : 2025-12-16 08:35:45
2025-12-16 08:37:08,926 - INFO - End time   : 2025-12-16 08:37:08
2025-12-16 08:37:08,926 - INFO - Elapsed    : 1m 23s
2025-12-16 08:42:52,762 - INFO - Script started
2025-12-16 08:42:52,875 - INFO - Opening workbook → E:\1. Sales Strategy\2025\1. DAILY REPORT\251215★ 25년 12월 해외점포 실적동향 (자카르탇점).xlsx
2025-12-16 08:42:54,404 - INFO - Workbook already open → E:\1. Sales Strategy\2025\1. DAILY REPORT\12. Sales Report Dec 2025.xlsm
2025-12-16 08:42:54,490 - INFO - input row: 420, value: 209.6430390035383, last_row: 437
2025-12-16 08:42:55,164 - INFO - Script running succesfully, finished in 2.40 seconds
2025-12-17 00:58:04,762 - INFO - === Sales automation started ===
2025-12-17 00:59:20,240 - INFO - === input_sales started for day 16 ===
2025-12-17 00:59:35,565 - INFO - Daily report saved and closed
2025-12-17 00:59:36,220 - INFO - === input_sales finished in 0m 15s ===
2025-12-17 00:59:41,032 - INFO - === Sales automation finished successfully ===
2025-12-17 00:59:41,033 - INFO - Start time : 2025-12-17 00:58:04
2025-12-17 00:59:41,033 - INFO - End time   : 2025-12-17 00:59:41
2025-12-17 00:59:41,033 - INFO - Elapsed    : 1m 36s
2025-12-17 01:06:20,561 - INFO - Script started
2025-12-17 01:06:20,598 - INFO - Opening workbook → E:\1. Sales Strategy\2025\1. DAILY REPORT\251216★ 25년 12월 해외점포 실적동향 (자카르탇점).xlsx
2025-12-17 01:06:22,243 - INFO - Workbook already open → E:\1. Sales Strategy\2025\1. DAILY REPORT\12. Sales Report Dec 2025.xlsm
2025-12-17 01:06:22,327 - INFO - input row: 421, value: 196.16137211152883, last_row: 437
2025-12-17 01:06:23,126 - INFO - Script running succesfully, finished in 2.57 seconds
2025-12-18 08:30:51,939 - INFO - === Sales automation started ===
2025-12-18 08:32:00,213 - INFO - === input_sales started for day 17 ===
2025-12-18 08:32:01,977 - INFO - Workbook already open.
2025-12-18 08:32:11,893 - INFO - Daily report saved and closed
2025-12-18 08:32:12,563 - INFO - === input_sales finished in 0m 12s ===
2025-12-18 08:32:13,371 - INFO - === Sales automation finished successfully ===
2025-12-18 08:32:13,372 - INFO - Start time : 2025-12-18 08:30:51
2025-12-18 08:32:13,372 - INFO - End time   : 2025-12-18 08:32:13
2025-12-18 08:32:13,372 - INFO - Elapsed    : 1m 21s
2025-12-18 08:46:20,088 - INFO - Script started
2025-12-18 08:46:20,190 - INFO - Opening workbook → E:\1. Sales Strategy\2025\1. DAILY REPORT\251217★ 25년 12월 해외점포 실적동향 (자카르탇점).xlsx
2025-12-18 08:46:20,764 - ERROR - Uncaught exception
Traceback (most recent call last):
  File "E:\Satrio\Projects\MouseApp\daily_report.py", line 108, in <module>
    main()
    ~~~~^^
  File "E:\Satrio\Projects\MouseApp\daily_report.py", line 101, in main
    daily_2(daily_sales_report, input_sheet, revenue_sheet)
    ~~~~~~~^^^^^^^^^^^^^^^^^^^^^^^^^^^^^^^^^^^^^^^^^^^^^^^^
  File "E:\Satrio\Projects\MouseApp\daily_report.py", line 44, in daily_2
    wb, app, new_app = get_or_open_wb(final_filename)
                       ~~~~~~~~~~~~~~^^^^^^^^^^^^^^^^
  File "E:\Satrio\Projects\MouseApp\daily_report.py", line 22, in get_or_open_wb
    wb = app.books.open(filepath)
  File "E:\Satrio\Projects\MouseApp\venv\Lib\site-packages\xlwings\main.py", line 5174, in open
    raise FileNotFoundError("No such file: '%s'" % fullname)
FileNotFoundError: No such file: 'E:\1. Sales Strategy\2025\1. DAILY REPORT\251217★ 25년 12월 해외점포 실적동향 (자카르탇점).xlsx'
2025-12-18 08:46:30,143 - INFO - Script started
2025-12-18 08:46:30,258 - INFO - Opening workbook → E:\1. Sales Strategy\2025\1. DAILY REPORT\251217★ 25년 12월 해외점포 실적동향 (자카르탇점).xlsx
2025-12-18 08:46:31,751 - INFO - Workbook already open → E:\1. Sales Strategy\2025\1. DAILY REPORT\12. Sales Report Dec 2025.xlsm
2025-12-18 08:46:31,834 - INFO - input row: 422, value: 185.08265875645165, last_row: 437
2025-12-18 08:46:32,781 - INFO - Script running succesfully, finished in 2.64 seconds
2025-12-19 08:18:26,343 - INFO - === Sales automation started ===
2025-12-19 08:19:32,508 - INFO - === input_sales started for day 18 ===
2025-12-19 08:19:48,019 - INFO - Daily report saved and closed
2025-12-19 08:19:48,775 - INFO - === input_sales finished in 0m 16s ===
2025-12-19 08:19:55,379 - INFO - === Sales automation finished successfully ===
2025-12-19 08:19:55,380 - INFO - Start time : 2025-12-19 08:18:26
2025-12-19 08:19:55,380 - INFO - End time   : 2025-12-19 08:19:55
2025-12-19 08:19:55,380 - INFO - Elapsed    : 1m 29s
2025-12-19 08:31:04,377 - INFO - Script started
2025-12-19 08:31:04,530 - INFO - Opening workbook → E:\1. Sales Strategy\2025\1. DAILY REPORT\251218★ 25년 12월 해외점포 실적동향 (자카르탇점).xlsx
2025-12-19 08:31:05,305 - ERROR - Uncaught exception
Traceback (most recent call last):
  File "E:\Satrio\Projects\MouseApp\daily_report.py", line 108, in <module>
    main()
    ~~~~^^
  File "E:\Satrio\Projects\MouseApp\daily_report.py", line 101, in main
    daily_2(daily_sales_report, input_sheet, revenue_sheet)
    ~~~~~~~^^^^^^^^^^^^^^^^^^^^^^^^^^^^^^^^^^^^^^^^^^^^^^^^
  File "E:\Satrio\Projects\MouseApp\daily_report.py", line 44, in daily_2
    wb, app, new_app = get_or_open_wb(final_filename)
                       ~~~~~~~~~~~~~~^^^^^^^^^^^^^^^^
  File "E:\Satrio\Projects\MouseApp\daily_report.py", line 22, in get_or_open_wb
    wb = app.books.open(filepath)
  File "E:\Satrio\Projects\MouseApp\venv\Lib\site-packages\xlwings\main.py", line 5174, in open
    raise FileNotFoundError("No such file: '%s'" % fullname)
FileNotFoundError: No such file: 'E:\1. Sales Strategy\2025\1. DAILY REPORT\251218★ 25년 12월 해외점포 실적동향 (자카르탇점).xlsx'
2025-12-19 08:31:26,597 - INFO - Script started
2025-12-19 08:31:26,733 - INFO - Opening workbook → E:\1. Sales Strategy\2025\1. DAILY REPORT\251218★ 25년 12월 해외점포 실적동향 (자카르탇점).xlsx
2025-12-19 08:31:28,578 - INFO - Workbook already open → E:\1. Sales Strategy\2025\1. DAILY REPORT\12. Sales Report Dec 2025.xlsm
2025-12-19 08:31:28,649 - INFO - input row: 423, value: 187.25391368, last_row: 437
2025-12-19 08:31:29,706 - INFO - Script running succesfully, finished in 3.11 seconds
2025-12-21 11:49:46,793 - INFO - === Sales automation started ===
2025-12-21 11:50:13,160 - INFO - Start time : 2025-12-21 11:49:46
2025-12-21 11:50:13,161 - INFO - End time   : 2025-12-21 11:50:13
2025-12-21 11:50:13,161 - INFO - Elapsed    : 0m 26s
2025-12-21 11:50:20,793 - INFO - === Sales automation started ===
2025-12-21 11:51:24,991 - INFO - === input_sales started for day 19 ===
2025-12-21 11:51:46,580 - INFO - Daily report saved and closed
2025-12-21 11:51:47,100 - INFO - === input_sales finished in 0m 22s ===
2025-12-21 11:51:48,442 - INFO - === Sales automation finished successfully ===
2025-12-21 11:51:48,442 - INFO - Start time : 2025-12-21 11:50:20
2025-12-21 11:51:48,442 - INFO - End time   : 2025-12-21 11:51:48
2025-12-21 11:51:48,442 - INFO - Elapsed    : 1m 27s
2025-12-21 11:51:52,930 - INFO - === Sales automation started ===
2025-12-21 11:52:40,316 - INFO - Start time : 2025-12-21 11:51:52
2025-12-21 11:52:40,317 - INFO - End time   : 2025-12-21 11:52:40
2025-12-21 11:52:40,317 - INFO - Elapsed    : 0m 47s
2025-12-21 11:52:45,161 - INFO - === Sales automation started ===
2025-12-21 11:53:25,637 - INFO - Start time : 2025-12-21 11:52:45
2025-12-21 11:53:25,638 - INFO - End time   : 2025-12-21 11:53:25
2025-12-21 11:53:25,638 - INFO - Elapsed    : 0m 40s
2025-12-21 11:53:38,181 - INFO - === Sales automation started ===
2025-12-21 11:54:25,558 - INFO - Start time : 2025-12-21 11:53:38
2025-12-21 11:54:25,559 - INFO - End time   : 2025-12-21 11:54:25
2025-12-21 11:54:25,560 - INFO - Elapsed    : 0m 47s
2025-12-21 11:54:31,796 - INFO - === Sales automation started ===
2025-12-21 11:54:58,551 - INFO - Start time : 2025-12-21 11:54:31
2025-12-21 11:54:58,551 - INFO - End time   : 2025-12-21 11:54:58
2025-12-21 11:54:58,551 - INFO - Elapsed    : 0m 26s
2025-12-21 11:55:16,162 - INFO - === Sales automation started ===
2025-12-21 11:56:08,577 - INFO - Start time : 2025-12-21 11:55:16
2025-12-21 11:56:08,578 - INFO - End time   : 2025-12-21 11:56:08
2025-12-21 11:56:08,578 - INFO - Elapsed    : 0m 52s
2025-12-21 23:13:38,820 - INFO - === Sales automation started ===
2025-12-21 23:14:04,572 - INFO - Start time : 2025-12-21 23:13:38
2025-12-21 23:14:04,572 - INFO - End time   : 2025-12-21 23:14:04
2025-12-21 23:14:04,572 - INFO - Elapsed    : 0m 25s
2025-12-21 23:14:16,006 - INFO - === Sales automation started ===
2025-12-21 23:14:56,015 - INFO - Start time : 2025-12-21 23:14:16
2025-12-21 23:14:56,016 - INFO - End time   : 2025-12-21 23:14:56
2025-12-21 23:14:56,016 - INFO - Elapsed    : 0m 40s
2025-12-21 23:14:59,478 - INFO - === Sales automation started ===
2025-12-21 23:15:28,985 - INFO - Start time : 2025-12-21 23:14:59
2025-12-21 23:15:28,985 - INFO - End time   : 2025-12-21 23:15:28
2025-12-21 23:15:28,985 - INFO - Elapsed    : 0m 29s
2025-12-21 23:15:51,426 - INFO - === Sales automation started ===
2025-12-21 23:16:44,793 - INFO - Start time : 2025-12-21 23:15:51
2025-12-21 23:16:44,794 - INFO - End time   : 2025-12-21 23:16:44
2025-12-21 23:16:44,794 - INFO - Elapsed    : 0m 53s
2025-12-22 11:46:32,439 - INFO - === Sales automation started ===
2025-12-22 11:47:37,461 - INFO - Start time : 2025-12-22 11:46:32
2025-12-22 11:47:37,461 - INFO - End time   : 2025-12-22 11:47:37
2025-12-22 11:47:37,461 - INFO - Elapsed    : 1m 5s
2025-12-22 23:06:28,626 - INFO - === Sales automation started ===
2025-12-22 23:07:40,246 - INFO - === input_sales started for day 22 ===
2025-12-22 23:07:56,276 - INFO - Daily report saved and closed
2025-12-22 23:07:56,719 - INFO - === input_sales finished in 0m 16s ===
2025-12-22 23:09:43,101 - INFO - === Sales automation finished successfully ===
2025-12-22 23:09:43,101 - INFO - Start time : 2025-12-22 23:06:28
2025-12-22 23:09:43,101 - INFO - End time   : 2025-12-22 23:09:43
2025-12-22 23:09:43,101 - INFO - Elapsed    : 3m 14s
2025-12-24 08:04:06,494 - INFO - === Sales automation started ===
2025-12-24 08:05:14,438 - INFO - === input_sales started for day 23 ===
2025-12-24 08:05:16,199 - INFO - Workbook already open.
2025-12-24 08:05:26,325 - INFO - Daily report saved and closed
2025-12-24 08:05:26,755 - INFO - === input_sales finished in 0m 12s ===
2025-12-24 08:05:31,716 - INFO - === Sales automation finished successfully ===
2025-12-24 08:05:31,717 - INFO - Start time : 2025-12-24 08:04:06
2025-12-24 08:05:31,717 - INFO - End time   : 2025-12-24 08:05:31
2025-12-24 08:05:31,717 - INFO - Elapsed    : 1m 25s
2025-12-24 08:10:28,305 - INFO - Script started
2025-12-24 08:10:28,432 - INFO - Opening workbook → E:\1. Sales Strategy\2025\1. DAILY REPORT\251223★ 25년 12월 해외점포 실적동향 (자카르탇점).xlsx
2025-12-24 08:10:30,339 - INFO - Workbook already open → E:\1. Sales Strategy\2025\1. DAILY REPORT\12. Sales Report Dec 2025.xlsm
2025-12-24 08:10:30,416 - INFO - input row: 428, value: 202.0304355319291, last_row: 437
2025-12-24 08:10:31,405 - INFO - Script running succesfully, finished in 3.10 seconds
2025-12-25 08:59:40,911 - INFO - === Sales automation started ===
2025-12-25 08:59:47,822 - ERROR - Automation failed with an error
Traceback (most recent call last):
  File "E:\Satrio\Projects\MouseApp\main.py", line 205, in run_sales_automation
    input_date = ask_for_date()
  File "E:\Satrio\Projects\MouseApp\main.py", line 38, in ask_for_date
    return datetime(today.year, today.month, int(day_str))
ValueError: day is out of range for month
2025-12-25 08:59:47,825 - INFO - Start time : 2025-12-25 08:59:40
2025-12-25 08:59:47,825 - INFO - End time   : 2025-12-25 08:59:47
2025-12-25 08:59:47,825 - INFO - Elapsed    : 0m 6s
2025-12-25 08:59:47,826 - ERROR - Uncaught exception
Traceback (most recent call last):
  File "E:\Satrio\Projects\MouseApp\main.py", line 277, in <module>
    run_sales_automation()
    ~~~~~~~~~~~~~~~~~~~~^^
  File "E:\Satrio\Projects\MouseApp\main.py", line 205, in run_sales_automation
    input_date = ask_for_date()
  File "E:\Satrio\Projects\MouseApp\main.py", line 38, in ask_for_date
    return datetime(today.year, today.month, int(day_str))
ValueError: day is out of range for month
2025-12-25 09:00:56,809 - INFO - === Sales automation started ===
2025-12-25 09:02:29,437 - ERROR - Automation failed with an error
Traceback (most recent call last):
  File "E:\Satrio\Projects\MouseApp\main.py", line 249, in run_sales_automation
    _daily_sales_analysis(input_day_str)
    ~~~~~~~~~~~~~~~~~~~~~^^^^^^^^^^^^^^^
  File "E:\Satrio\Projects\MouseApp\main.py", line 130, in _daily_sales_analysis
    wait_for_pixel(x, y, rgb)
    ~~~~~~~~~~~~~~^^^^^^^^^^^
  File "E:\Satrio\Projects\MouseApp\main.py", line 63, in wait_for_pixel
    raise TimeoutError(f"UI not ready after {timeout}s at pixel {x},{y}")
TimeoutError: UI not ready after 30s at pixel 1039,529
2025-12-25 09:02:29,441 - INFO - Start time : 2025-12-25 09:00:56
2025-12-25 09:02:29,441 - INFO - End time   : 2025-12-25 09:02:29
2025-12-25 09:02:29,441 - INFO - Elapsed    : 1m 32s
2025-12-25 09:02:29,441 - ERROR - Uncaught exception
Traceback (most recent call last):
  File "E:\Satrio\Projects\MouseApp\main.py", line 277, in <module>
    run_sales_automation()
    ~~~~~~~~~~~~~~~~~~~~^^
  File "E:\Satrio\Projects\MouseApp\main.py", line 249, in run_sales_automation
    _daily_sales_analysis(input_day_str)
    ~~~~~~~~~~~~~~~~~~~~~^^^^^^^^^^^^^^^
  File "E:\Satrio\Projects\MouseApp\main.py", line 130, in _daily_sales_analysis
    wait_for_pixel(x, y, rgb)
    ~~~~~~~~~~~~~~^^^^^^^^^^^
  File "E:\Satrio\Projects\MouseApp\main.py", line 63, in wait_for_pixel
    raise TimeoutError(f"UI not ready after {timeout}s at pixel {x},{y}")
TimeoutError: UI not ready after 30s at pixel 1039,529
2025-12-25 09:04:15,201 - INFO - === Sales automation started ===
2025-12-25 09:06:04,453 - INFO - === input_sales started for day 24 ===
2025-12-25 09:06:22,196 - INFO - Daily report saved and closed
2025-12-25 09:06:22,670 - INFO - === input_sales finished in 0m 18s ===
2025-12-25 09:06:26,897 - INFO - === Sales automation finished successfully ===
2025-12-25 09:06:26,897 - INFO - Start time : 2025-12-25 09:04:15
2025-12-25 09:06:26,897 - INFO - End time   : 2025-12-25 09:06:26
2025-12-25 09:06:26,897 - INFO - Elapsed    : 2m 11s
2025-12-25 09:24:53,259 - INFO - Script started
2025-12-25 09:24:53,325 - INFO - Opening workbook → E:\1. Sales Strategy\2025\1. DAILY REPORT\251224★ 25년 12월 해외점포 실적동향 (자카르탇점).xlsx
2025-12-25 09:24:54,995 - INFO - Workbook already open → E:\1. Sales Strategy\2025\1. DAILY REPORT\12. Sales Report Dec 2025.xlsm
2025-12-25 09:24:55,108 - INFO - input row: 429, value: 242.35278855999996, last_row: 437
2025-12-25 09:24:56,071 - INFO - Script running succesfully, finished in 2.81 seconds
2025-12-26 08:08:43,586 - INFO - === Sales automation started ===
2025-12-26 08:09:58,477 - ERROR - Automation failed with an error
Traceback (most recent call last):
  File "E:\Satrio\Projects\MouseApp\main.py", line 249, in run_sales_automation
    _daily_sales_analysis(input_day_str)
    ~~~~~~~~~~~~~~~~~~~~~^^^^^^^^^^^^^^^
  File "E:\Satrio\Projects\MouseApp\main.py", line 133, in _daily_sales_analysis
    pyautogui.press('f8')
    ~~~~~~~~~~~~~~~^^^^^^
  File "E:\Satrio\Projects\MouseApp\venv\Lib\site-packages\pyautogui\__init__.py", line 593, in wrapper
    failSafeCheck()
    ~~~~~~~~~~~~~^^
  File "E:\Satrio\Projects\MouseApp\venv\Lib\site-packages\pyautogui\__init__.py", line 1734, in failSafeCheck
    raise FailSafeException(
        "PyAutoGUI fail-safe triggered from mouse moving to a corner of the screen. To disable this fail-safe, set pyautogui.FAILSAFE to False. DISABLING FAIL-SAFE IS NOT RECOMMENDED."
    )
pyautogui.FailSafeException: PyAutoGUI fail-safe triggered from mouse moving to a corner of the screen. To disable this fail-safe, set pyautogui.FAILSAFE to False. DISABLING FAIL-SAFE IS NOT RECOMMENDED.
2025-12-26 08:09:58,490 - INFO - Start time : 2025-12-26 08:08:43
2025-12-26 08:09:58,491 - INFO - End time   : 2025-12-26 08:09:58
2025-12-26 08:09:58,491 - INFO - Elapsed    : 1m 14s
2025-12-26 08:09:58,491 - ERROR - Uncaught exception
Traceback (most recent call last):
  File "E:\Satrio\Projects\MouseApp\main.py", line 277, in <module>
    run_sales_automation()
    ~~~~~~~~~~~~~~~~~~~~^^
  File "E:\Satrio\Projects\MouseApp\main.py", line 249, in run_sales_automation
    _daily_sales_analysis(input_day_str)
    ~~~~~~~~~~~~~~~~~~~~~^^^^^^^^^^^^^^^
  File "E:\Satrio\Projects\MouseApp\main.py", line 133, in _daily_sales_analysis
    pyautogui.press('f8')
    ~~~~~~~~~~~~~~~^^^^^^
  File "E:\Satrio\Projects\MouseApp\venv\Lib\site-packages\pyautogui\__init__.py", line 593, in wrapper
    failSafeCheck()
    ~~~~~~~~~~~~~^^
  File "E:\Satrio\Projects\MouseApp\venv\Lib\site-packages\pyautogui\__init__.py", line 1734, in failSafeCheck
    raise FailSafeException(
        "PyAutoGUI fail-safe triggered from mouse moving to a corner of the screen. To disable this fail-safe, set pyautogui.FAILSAFE to False. DISABLING FAIL-SAFE IS NOT RECOMMENDED."
    )
pyautogui.FailSafeException: PyAutoGUI fail-safe triggered from mouse moving to a corner of the screen. To disable this fail-safe, set pyautogui.FAILSAFE to False. DISABLING FAIL-SAFE IS NOT RECOMMENDED.
2025-12-26 08:10:49,677 - INFO - === Sales automation started ===
2025-12-26 08:11:56,901 - INFO - === input_sales started for day 25 ===
2025-12-26 08:11:58,272 - INFO - Workbook already open.
2025-12-26 08:12:07,423 - INFO - Daily report saved and closed
2025-12-26 08:12:07,838 - INFO - === input_sales finished in 0m 10s ===
2025-12-26 08:12:09,265 - INFO - === Sales automation finished successfully ===
2025-12-26 08:12:09,266 - INFO - Start time : 2025-12-26 08:10:49
2025-12-26 08:12:09,266 - INFO - End time   : 2025-12-26 08:12:09
2025-12-26 08:12:09,266 - INFO - Elapsed    : 1m 19s
2025-12-26 08:15:26,126 - INFO - Script started
2025-12-26 08:15:26,187 - INFO - Opening workbook → E:\1. Sales Strategy\2025\1. DAILY REPORT\251225★ 25년 12월 해외점포 실적동향 (자카르탇점).xlsx
2025-12-26 08:15:27,746 - INFO - Workbook already open → E:\1. Sales Strategy\2025\1. DAILY REPORT\12. Sales Report Dec 2025.xlsm
2025-12-26 08:15:27,856 - INFO - input row: 430, value: 242.66779950518267, last_row: 437
2025-12-26 08:15:28,709 - INFO - Script running succesfully, finished in 2.58 seconds
2025-12-28 23:21:20,893 - INFO - === Sales automation started ===
2025-12-28 23:22:25,375 - INFO - Start time : 2025-12-28 23:21:20
2025-12-28 23:22:25,375 - INFO - End time   : 2025-12-28 23:22:25
2025-12-28 23:22:25,375 - INFO - Elapsed    : 1m 4s
2025-12-28 23:22:34,902 - INFO - === Sales automation started ===
2025-12-28 23:23:40,114 - INFO - === input_sales started for day 26 ===
2025-12-28 23:24:59,205 - INFO - Daily report saved and closed
2025-12-28 23:24:59,942 - INFO - === input_sales finished in 1m 19s ===
2025-12-28 23:25:02,092 - INFO - === Sales automation finished successfully ===
2025-12-28 23:25:02,092 - INFO - Start time : 2025-12-28 23:22:34
2025-12-28 23:25:02,093 - INFO - End time   : 2025-12-28 23:25:02
2025-12-28 23:25:02,093 - INFO - Elapsed    : 2m 27s
2025-12-28 23:26:19,032 - INFO - === Sales automation started ===
2025-12-28 23:27:30,355 - INFO - === input_sales started for day 27 ===
2025-12-28 23:27:31,491 - INFO - Workbook already open.
2025-12-28 23:27:40,650 - INFO - Daily report saved and closed
2025-12-28 23:27:41,206 - INFO - === input_sales finished in 0m 10s ===
2025-12-28 23:27:42,963 - INFO - === Sales automation finished successfully ===
2025-12-28 23:27:42,964 - INFO - Start time : 2025-12-28 23:26:19
2025-12-28 23:27:42,964 - INFO - End time   : 2025-12-28 23:27:42
2025-12-28 23:27:42,964 - INFO - Elapsed    : 1m 23s
2025-12-28 23:27:48,556 - INFO - === Sales automation started ===
2025-12-28 23:28:54,625 - INFO - === input_sales started for day 28 ===
2025-12-28 23:29:09,562 - INFO - Daily report saved and closed
2025-12-28 23:29:10,137 - INFO - === input_sales finished in 0m 15s ===
2025-12-28 23:29:12,069 - INFO - === Sales automation finished successfully ===
2025-12-28 23:29:12,069 - INFO - Start time : 2025-12-28 23:27:48
2025-12-28 23:29:12,069 - INFO - End time   : 2025-12-28 23:29:12
2025-12-28 23:29:12,069 - INFO - Elapsed    : 1m 23s
2025-12-30 07:47:39,410 - INFO - === Sales automation started ===
2025-12-30 07:48:04,537 - INFO - Start time : 2025-12-30 07:47:39
2025-12-30 07:48:04,538 - INFO - End time   : 2025-12-30 07:48:04
2025-12-30 07:48:04,538 - INFO - Elapsed    : 0m 25s
2025-12-30 07:48:26,483 - INFO - === Sales automation started ===
2025-12-30 07:49:35,156 - INFO - === input_sales started for day 29 ===
2025-12-30 07:49:37,540 - INFO - Workbook already open.
2025-12-30 07:49:48,003 - INFO - Daily report saved and closed
2025-12-30 07:49:48,741 - INFO - === input_sales finished in 0m 13s ===
2025-12-30 07:49:50,069 - INFO - === Sales automation finished successfully ===
2025-12-30 07:49:50,069 - INFO - Start time : 2025-12-30 07:48:26
2025-12-30 07:49:50,069 - INFO - End time   : 2025-12-30 07:49:50
2025-12-30 07:49:50,070 - INFO - Elapsed    : 1m 23s
2025-12-30 07:54:28,816 - INFO - Script started
2025-12-30 07:54:28,875 - INFO - Opening workbook → E:\1. Sales Strategy\2025\1. DAILY REPORT\251229★ 25년 12월 해외점포 실적동향 (자카르탇점).xlsx
2025-12-30 07:54:30,648 - INFO - Workbook already open → E:\1. Sales Strategy\2025\1. DAILY REPORT\12. Sales Report Dec 2025.xlsm
2025-12-30 07:54:30,747 - INFO - input row: 434, value: 174.49121528103817, last_row: 437
2025-12-30 07:54:31,910 - INFO - Script running succesfully, finished in 3.09 seconds
2025-12-31 08:47:56,723 - INFO - === Sales automation started ===
2025-12-31 08:49:05,442 - INFO - === input_sales started for day 30 ===
2025-12-31 08:49:22,243 - INFO - Daily report saved and closed
2025-12-31 08:49:23,198 - INFO - === input_sales finished in 0m 17s ===
2025-12-31 08:49:26,609 - INFO - === Sales automation finished successfully ===
2025-12-31 08:49:26,610 - INFO - Start time : 2025-12-31 08:47:56
2025-12-31 08:49:26,610 - INFO - End time   : 2025-12-31 08:49:26
2025-12-31 08:49:26,610 - INFO - Elapsed    : 1m 29s
2025-12-31 08:53:01,058 - INFO - Script started
2025-12-31 08:53:01,122 - INFO - Opening workbook → E:\1. Sales Strategy\2025\1. DAILY REPORT\251230★ 25년 12월 해외점포 실적동향 (자카르탇점).xlsx
2025-12-31 08:53:02,798 - INFO - Workbook already open → E:\1. Sales Strategy\2025\1. DAILY REPORT\12. Sales Report Dec 2025.xlsm
2025-12-31 08:53:02,914 - INFO - input row: 435, value: 180.1076203613849, last_row: 437
2025-12-31 08:53:04,101 - INFO - Script running succesfully, finished in 3.04 seconds
2026-01-02 08:22:25,327 - INFO - === Sales automation started ===
2026-01-02 08:23:20,693 - INFO - Start time : 2026-01-02 08:22:25
2026-01-02 08:23:20,694 - INFO - End time   : 2026-01-02 08:23:20
2026-01-02 08:23:20,694 - INFO - Elapsed    : 0m 55s
2026-01-02 08:23:25,893 - INFO - === Sales automation started ===
2026-01-02 08:24:09,340 - INFO - Start time : 2026-01-02 08:23:25
2026-01-02 08:24:09,341 - INFO - End time   : 2026-01-02 08:24:09
2026-01-02 08:24:09,341 - INFO - Elapsed    : 0m 43s
2026-01-02 08:24:17,808 - INFO - === Sales automation started ===
2026-01-02 08:24:48,222 - INFO - Start time : 2026-01-02 08:24:17
2026-01-02 08:24:48,222 - INFO - End time   : 2026-01-02 08:24:48
2026-01-02 08:24:48,222 - INFO - Elapsed    : 0m 30s
2026-01-02 08:24:59,013 - INFO - === Sales automation started ===
2026-01-02 08:26:03,844 - INFO - === input_sales started for day 1 ===
2026-01-02 08:26:05,381 - INFO - Workbook already open.
2026-01-02 08:26:14,301 - INFO - Daily report saved and closed
2026-01-02 08:26:15,251 - INFO - === input_sales finished in 0m 11s ===
2026-01-02 08:26:17,529 - INFO - === Sales automation finished successfully ===
2026-01-02 08:26:17,529 - INFO - Start time : 2026-01-02 08:24:59
2026-01-02 08:26:17,529 - INFO - End time   : 2026-01-02 08:26:17
2026-01-02 08:26:17,529 - INFO - Elapsed    : 1m 18s
2026-01-02 09:50:34,274 - INFO - === Sales automation started ===
2026-01-02 09:51:42,223 - INFO - === input_sales started for day 1 ===
2026-01-02 09:51:55,089 - INFO - Daily report saved and closed
2026-01-02 09:51:55,428 - INFO - === input_sales finished in 0m 13s ===
2026-01-02 09:51:57,220 - INFO - === Sales automation finished successfully ===
2026-01-02 09:51:57,220 - INFO - Start time : 2026-01-02 09:50:34
2026-01-02 09:51:57,220 - INFO - End time   : 2026-01-02 09:51:57
2026-01-02 09:51:57,220 - INFO - Elapsed    : 1m 22s
2026-01-02 09:56:03,474 - INFO - === Sales automation started ===
2026-01-02 09:56:17,270 - INFO - Start time : 2026-01-02 09:56:03
2026-01-02 09:56:17,270 - INFO - End time   : 2026-01-02 09:56:17
2026-01-02 09:56:17,271 - INFO - Elapsed    : 0m 13s
2026-01-02 09:56:21,386 - INFO - === Sales automation started ===
2026-01-02 09:57:25,228 - INFO - === input_sales started for day 1 ===
2026-01-02 09:57:26,137 - INFO - Workbook already open.
2026-01-02 09:57:34,672 - INFO - Daily report saved and closed
2026-01-02 09:57:34,987 - INFO - === input_sales finished in 0m 9s ===
2026-01-02 09:57:36,600 - INFO - === Sales automation finished successfully ===
2026-01-02 09:57:36,600 - INFO - Start time : 2026-01-02 09:56:21
2026-01-02 09:57:36,601 - INFO - End time   : 2026-01-02 09:57:36
2026-01-02 09:57:36,601 - INFO - Elapsed    : 1m 15s
2026-01-04 22:23:20,968 - INFO - === Sales automation started ===
2026-01-04 22:24:34,009 - INFO - === input_sales started for day 2 ===
2026-01-04 22:24:48,563 - INFO - Daily report saved and closed
2026-01-04 22:24:48,946 - INFO - === input_sales finished in 0m 14s ===
2026-01-04 22:24:50,675 - INFO - === Sales automation finished successfully ===
2026-01-04 22:24:50,675 - INFO - Start time : 2026-01-04 22:23:20
2026-01-04 22:24:50,675 - INFO - End time   : 2026-01-04 22:24:50
2026-01-04 22:24:50,675 - INFO - Elapsed    : 1m 29s
2026-01-04 22:25:24,579 - INFO - === Sales automation started ===
2026-01-04 22:26:28,587 - INFO - === input_sales started for day 3 ===
2026-01-04 22:26:29,401 - INFO - Workbook already open.
2026-01-04 22:26:37,874 - INFO - Daily report saved and closed
2026-01-04 22:26:38,250 - INFO - === input_sales finished in 0m 9s ===
2026-01-04 22:26:43,513 - INFO - === Sales automation finished successfully ===
2026-01-04 22:26:43,514 - INFO - Start time : 2026-01-04 22:25:24
2026-01-04 22:26:43,515 - INFO - End time   : 2026-01-04 22:26:43
2026-01-04 22:26:43,515 - INFO - Elapsed    : 1m 18s
2026-01-04 22:26:51,236 - INFO - === Sales automation started ===
2026-01-04 22:27:42,580 - INFO - Start time : 2026-01-04 22:26:51
2026-01-04 22:27:42,581 - INFO - End time   : 2026-01-04 22:27:42
2026-01-04 22:27:42,581 - INFO - Elapsed    : 0m 51s
2026-01-04 22:27:48,199 - INFO - === Sales automation started ===
2026-01-04 22:28:34,124 - INFO - Start time : 2026-01-04 22:27:48
2026-01-04 22:28:34,124 - INFO - End time   : 2026-01-04 22:28:34
2026-01-04 22:28:34,124 - INFO - Elapsed    : 0m 45s
2026-01-04 22:28:46,650 - INFO - === Sales automation started ===
2026-01-04 22:29:55,416 - INFO - === input_sales started for day 4 ===
2026-01-04 22:30:09,199 - INFO - Daily report saved and closed
2026-01-04 22:30:09,542 - INFO - === input_sales finished in 0m 14s ===
2026-01-04 22:30:11,508 - INFO - === Sales automation finished successfully ===
2026-01-04 22:30:11,509 - INFO - Start time : 2026-01-04 22:28:46
2026-01-04 22:30:11,509 - INFO - End time   : 2026-01-04 22:30:11
2026-01-04 22:30:11,509 - INFO - Elapsed    : 1m 24s
2026-01-04 22:40:41,295 - INFO - Script started
2026-01-04 22:40:41,354 - INFO - Opening workbook → E:\1. Sales Strategy\2026\1. DAILY REPORT\260103★ 26년 1월 해외점포 실적동향 (자카르탇점).xlsx
2026-01-04 22:40:41,859 - ERROR - Uncaught exception
Traceback (most recent call last):
  File "E:\Satrio\Projects\MouseApp\daily_report.py", line 108, in <module>
    main()
    ~~~~^^
  File "E:\Satrio\Projects\MouseApp\daily_report.py", line 101, in main
    daily_2(daily_sales_report, input_sheet, revenue_sheet)
    ~~~~~~~^^^^^^^^^^^^^^^^^^^^^^^^^^^^^^^^^^^^^^^^^^^^^^^^
  File "E:\Satrio\Projects\MouseApp\daily_report.py", line 44, in daily_2
    wb, app, new_app = get_or_open_wb(final_filename)
                       ~~~~~~~~~~~~~~^^^^^^^^^^^^^^^^
  File "E:\Satrio\Projects\MouseApp\daily_report.py", line 22, in get_or_open_wb
    wb = app.books.open(filepath)
  File "E:\Satrio\Projects\MouseApp\venv\Lib\site-packages\xlwings\main.py", line 5174, in open
    raise FileNotFoundError("No such file: '%s'" % fullname)
FileNotFoundError: No such file: 'E:\1. Sales Strategy\2026\1. DAILY REPORT\260103★ 26년 1월 해외점포 실적동향 (자카르탇점).xlsx'
2026-01-06 07:55:02,632 - INFO - === Sales automation started ===
2026-01-06 07:56:13,360 - INFO - === input_sales started for day 5 ===
2026-01-06 07:56:27,185 - INFO - Daily report saved and closed
2026-01-06 07:56:27,596 - INFO - === input_sales finished in 0m 14s ===
2026-01-06 07:56:29,822 - INFO - === Sales automation finished successfully ===
2026-01-06 07:56:29,822 - INFO - Start time : 2026-01-06 07:55:02
2026-01-06 07:56:29,823 - INFO - End time   : 2026-01-06 07:56:29
2026-01-06 07:56:29,823 - INFO - Elapsed    : 1m 27s
2026-01-07 07:50:39,512 - INFO - === Sales automation started ===
2026-01-07 07:51:01,535 - INFO - Start time : 2026-01-07 07:50:39
2026-01-07 07:51:01,536 - INFO - End time   : 2026-01-07 07:51:01
2026-01-07 07:51:01,536 - INFO - Elapsed    : 0m 22s
2026-01-07 07:51:08,391 - INFO - === Sales automation started ===
2026-01-07 07:52:09,556 - INFO - === input_sales started for day 6 ===
2026-01-07 07:52:11,683 - ERROR - Error during input_sales execution
Traceback (most recent call last):
  File "E:\Satrio\Projects\MouseApp\venv\Lib\site-packages\xlwings\_xlwindows.py", line 767, in __call__
    return Book(xl=self.xl(name_or_index))
                   ~~~~~~~^^^^^^^^^^^^^^^
  File "E:\Satrio\Projects\MouseApp\venv\Lib\site-packages\xlwings\_xlwindows.py", line 236, in __call__
    v = self._inner(*args, **kwargs)
  File "C:\Users\LSAI-S~1\AppData\Local\Temp\gen_py\3.13\00020813-0000-0000-C000-000000000046x0x1x9.py", line 39983, in __call__
    ret = self._oleobj_.InvokeTypes(0, LCID, 2, (13, 0), ((12, 1),),Index
    	)
pywintypes.com_error: (-2147352567, 'Exception occurred.', (0, None, None, None, 0, -2147352565), None)

During handling of the above exception, another exception occurred:

Traceback (most recent call last):
  File "E:\Satrio\Projects\MouseApp\venv\Lib\site-packages\xlwings\main.py", line 5182, in open
    impl = self.impl(name)
  File "E:\Satrio\Projects\MouseApp\venv\Lib\site-packages\xlwings\_xlwindows.py", line 769, in __call__
    raise KeyError(name_or_index)
KeyError: '1. Sales Report Jan 2026.xlsm'

During handling of the above exception, another exception occurred:

Traceback (most recent call last):
  File "E:\Satrio\Projects\MouseApp\sales_auto.py", line 25, in input_sales
    daily = _get_or_open_wb(paths["daily_report"])
  File "E:\Satrio\Projects\MouseApp\sales_auto.py", line 93, in _get_or_open_wb
    return xw.books.open(filepath)
           ~~~~~~~~~~~~~^^^^^^^^^^
  File "E:\Satrio\Projects\MouseApp\venv\Lib\site-packages\xlwings\main.py", line 5189, in open
    impl = self.impl.open(
        fullname,
    ...<13 lines>...
        corrupt_load,
    )
  File "E:\Satrio\Projects\MouseApp\venv\Lib\site-packages\xlwings\_xlwindows.py", line 800, in open
    xl=self.xl.Open(
        fullname,
    ...<13 lines>...
        corrupt_load,
    )
  File "E:\Satrio\Projects\MouseApp\venv\Lib\site-packages\xlwings\_xlwindows.py", line 122, in __call__
    v = self.__method(*args, **kwargs)
  File "C:\Users\LSAI-S~1\AppData\Local\Temp\gen_py\3.13\00020813-0000-0000-C000-000000000046x0x1x9.py", line 39860, in Open
    ret = self._oleobj_.InvokeTypes(1923, LCID, 1, (13, 0), ((8, 1), (12, 17), (12, 17), (12, 17), (12, 17), (12, 17), (12, 17), (12, 17), (12, 17), (12, 17), (12, 17), (12, 17), (12, 17), (12, 17), (12, 17)),Filename
    	, UpdateLinks, ReadOnly, Format, Password, WriteResPassword
    	, IgnoreReadOnlyRecommended, Origin, Delimiter, Editable, Notify
    	, Converter, AddToMru, Local, CorruptLoad)
pywintypes.com_error: (-2147352567, 'Exception occurred.', (0, 'Microsoft Excel', 'Open method of Workbooks class failed', 'xlmain11.chm', 0, -2146827284), None)
2026-01-07 07:52:11,820 - INFO - === input_sales finished in 0m 2s ===
2026-01-07 07:52:11,820 - ERROR - Automation failed with an error
Traceback (most recent call last):
  File "E:\Satrio\Projects\MouseApp\venv\Lib\site-packages\xlwings\_xlwindows.py", line 767, in __call__
    return Book(xl=self.xl(name_or_index))
                   ~~~~~~~^^^^^^^^^^^^^^^
  File "E:\Satrio\Projects\MouseApp\venv\Lib\site-packages\xlwings\_xlwindows.py", line 236, in __call__
    v = self._inner(*args, **kwargs)
  File "C:\Users\LSAI-S~1\AppData\Local\Temp\gen_py\3.13\00020813-0000-0000-C000-000000000046x0x1x9.py", line 39983, in __call__
    ret = self._oleobj_.InvokeTypes(0, LCID, 2, (13, 0), ((12, 1),),Index
    	)
pywintypes.com_error: (-2147352567, 'Exception occurred.', (0, None, None, None, 0, -2147352565), None)

During handling of the above exception, another exception occurred:

Traceback (most recent call last):
  File "E:\Satrio\Projects\MouseApp\venv\Lib\site-packages\xlwings\main.py", line 5182, in open
    impl = self.impl(name)
  File "E:\Satrio\Projects\MouseApp\venv\Lib\site-packages\xlwings\_xlwindows.py", line 769, in __call__
    raise KeyError(name_or_index)
KeyError: '1. Sales Report Jan 2026.xlsm'

During handling of the above exception, another exception occurred:

Traceback (most recent call last):
  File "E:\Satrio\Projects\MouseApp\main.py", line 252, in run_sales_automation
    sato.input_sales(input_date.day)
    ~~~~~~~~~~~~~~~~^^^^^^^^^^^^^^^^
  File "E:\Satrio\Projects\MouseApp\sales_auto.py", line 25, in input_sales
    daily = _get_or_open_wb(paths["daily_report"])
  File "E:\Satrio\Projects\MouseApp\sales_auto.py", line 93, in _get_or_open_wb
    return xw.books.open(filepath)
           ~~~~~~~~~~~~~^^^^^^^^^^
  File "E:\Satrio\Projects\MouseApp\venv\Lib\site-packages\xlwings\main.py", line 5189, in open
    impl = self.impl.open(
        fullname,
    ...<13 lines>...
        corrupt_load,
    )
  File "E:\Satrio\Projects\MouseApp\venv\Lib\site-packages\xlwings\_xlwindows.py", line 800, in open
    xl=self.xl.Open(
        fullname,
    ...<13 lines>...
        corrupt_load,
    )
  File "E:\Satrio\Projects\MouseApp\venv\Lib\site-packages\xlwings\_xlwindows.py", line 122, in __call__
    v = self.__method(*args, **kwargs)
  File "C:\Users\LSAI-S~1\AppData\Local\Temp\gen_py\3.13\00020813-0000-0000-C000-000000000046x0x1x9.py", line 39860, in Open
    ret = self._oleobj_.InvokeTypes(1923, LCID, 1, (13, 0), ((8, 1), (12, 17), (12, 17), (12, 17), (12, 17), (12, 17), (12, 17), (12, 17), (12, 17), (12, 17), (12, 17), (12, 17), (12, 17), (12, 17), (12, 17)),Filename
    	, UpdateLinks, ReadOnly, Format, Password, WriteResPassword
    	, IgnoreReadOnlyRecommended, Origin, Delimiter, Editable, Notify
    	, Converter, AddToMru, Local, CorruptLoad)
pywintypes.com_error: (-2147352567, 'Exception occurred.', (0, 'Microsoft Excel', 'Open method of Workbooks class failed', 'xlmain11.chm', 0, -2146827284), None)
2026-01-07 07:52:11,823 - INFO - Start time : 2026-01-07 07:51:08
2026-01-07 07:52:11,823 - INFO - End time   : 2026-01-07 07:52:11
2026-01-07 07:52:11,823 - INFO - Elapsed    : 1m 3s
2026-01-07 07:52:11,824 - ERROR - Uncaught exception
Traceback (most recent call last):
  File "E:\Satrio\Projects\MouseApp\venv\Lib\site-packages\xlwings\_xlwindows.py", line 767, in __call__
    return Book(xl=self.xl(name_or_index))
                   ~~~~~~~^^^^^^^^^^^^^^^
  File "E:\Satrio\Projects\MouseApp\venv\Lib\site-packages\xlwings\_xlwindows.py", line 236, in __call__
    v = self._inner(*args, **kwargs)
  File "C:\Users\LSAI-S~1\AppData\Local\Temp\gen_py\3.13\00020813-0000-0000-C000-000000000046x0x1x9.py", line 39983, in __call__
    ret = self._oleobj_.InvokeTypes(0, LCID, 2, (13, 0), ((12, 1),),Index
    	)
pywintypes.com_error: (-2147352567, 'Exception occurred.', (0, None, None, None, 0, -2147352565), None)

During handling of the above exception, another exception occurred:

Traceback (most recent call last):
  File "E:\Satrio\Projects\MouseApp\venv\Lib\site-packages\xlwings\main.py", line 5182, in open
    impl = self.impl(name)
  File "E:\Satrio\Projects\MouseApp\venv\Lib\site-packages\xlwings\_xlwindows.py", line 769, in __call__
    raise KeyError(name_or_index)
KeyError: '1. Sales Report Jan 2026.xlsm'

During handling of the above exception, another exception occurred:

Traceback (most recent call last):
  File "E:\Satrio\Projects\MouseApp\main.py", line 277, in <module>
    run_sales_automation()
    ~~~~~~~~~~~~~~~~~~~~^^
  File "E:\Satrio\Projects\MouseApp\main.py", line 252, in run_sales_automation
    sato.input_sales(input_date.day)
    ~~~~~~~~~~~~~~~~^^^^^^^^^^^^^^^^
  File "E:\Satrio\Projects\MouseApp\sales_auto.py", line 25, in input_sales
    daily = _get_or_open_wb(paths["daily_report"])
  File "E:\Satrio\Projects\MouseApp\sales_auto.py", line 93, in _get_or_open_wb
    return xw.books.open(filepath)
           ~~~~~~~~~~~~~^^^^^^^^^^
  File "E:\Satrio\Projects\MouseApp\venv\Lib\site-packages\xlwings\main.py", line 5189, in open
    impl = self.impl.open(
        fullname,
    ...<13 lines>...
        corrupt_load,
    )
  File "E:\Satrio\Projects\MouseApp\venv\Lib\site-packages\xlwings\_xlwindows.py", line 800, in open
    xl=self.xl.Open(
        fullname,
    ...<13 lines>...
        corrupt_load,
    )
  File "E:\Satrio\Projects\MouseApp\venv\Lib\site-packages\xlwings\_xlwindows.py", line 122, in __call__
    v = self.__method(*args, **kwargs)
  File "C:\Users\LSAI-S~1\AppData\Local\Temp\gen_py\3.13\00020813-0000-0000-C000-000000000046x0x1x9.py", line 39860, in Open
    ret = self._oleobj_.InvokeTypes(1923, LCID, 1, (13, 0), ((8, 1), (12, 17), (12, 17), (12, 17), (12, 17), (12, 17), (12, 17), (12, 17), (12, 17), (12, 17), (12, 17), (12, 17), (12, 17), (12, 17), (12, 17)),Filename
    	, UpdateLinks, ReadOnly, Format, Password, WriteResPassword
    	, IgnoreReadOnlyRecommended, Origin, Delimiter, Editable, Notify
    	, Converter, AddToMru, Local, CorruptLoad)
pywintypes.com_error: (-2147352567, 'Exception occurred.', (0, 'Microsoft Excel', 'Open method of Workbooks class failed', 'xlmain11.chm', 0, -2146827284), None)
2026-01-07 07:54:32,514 - INFO - === Sales automation started ===
2026-01-07 07:55:36,786 - INFO - === input_sales started for day 6 ===
2026-01-07 07:55:37,698 - INFO - Workbook already open.
2026-01-07 07:55:46,047 - ERROR - Error during input_sales execution
Traceback (most recent call last):
  File "E:\Satrio\Projects\MouseApp\sales_auto.py", line 54, in input_sales
    daily.save()
    ~~~~~~~~~~^^
  File "E:\Satrio\Projects\MouseApp\venv\Lib\site-packages\xlwings\main.py", line 1169, in save
    self.impl.save(path, password=password)
    ~~~~~~~~~~~~~~^^^^^^^^^^^^^^^^^^^^^^^^^
  File "E:\Satrio\Projects\MouseApp\venv\Lib\site-packages\xlwings\_xlwindows.py", line 872, in save
    self.xl.Save()
    ~~~~~~~~~~~~^^
  File "E:\Satrio\Projects\MouseApp\venv\Lib\site-packages\xlwings\_xlwindows.py", line 122, in __call__
    v = self.__method(*args, **kwargs)
  File "C:\Users\LSAI-S~1\AppData\Local\Temp\gen_py\3.13\00020813-0000-0000-C000-000000000046x0x1x9.py", line 45266, in Save
    return self._oleobj_.InvokeTypes(283, LCID, 1, (24, 0), (),)
           ~~~~~~~~~~~~~~~~~~~~~~~~~^^^^^^^^^^^^^^^^^^^^^^^^^^^^
pywintypes.com_error: (-2147352567, 'Exception occurred.', (0, 'Microsoft Excel', 'Save method of Workbook class failed', 'xlmain11.chm', 0, -2146827284), None)
2026-01-07 07:55:46,449 - INFO - === input_sales finished in 0m 9s ===
2026-01-07 07:55:46,449 - ERROR - Automation failed with an error
Traceback (most recent call last):
  File "E:\Satrio\Projects\MouseApp\main.py", line 252, in run_sales_automation
    sato.input_sales(input_date.day)
    ~~~~~~~~~~~~~~~~^^^^^^^^^^^^^^^^
  File "E:\Satrio\Projects\MouseApp\sales_auto.py", line 54, in input_sales
    daily.save()
    ~~~~~~~~~~^^
  File "E:\Satrio\Projects\MouseApp\venv\Lib\site-packages\xlwings\main.py", line 1169, in save
    self.impl.save(path, password=password)
    ~~~~~~~~~~~~~~^^^^^^^^^^^^^^^^^^^^^^^^^
  File "E:\Satrio\Projects\MouseApp\venv\Lib\site-packages\xlwings\_xlwindows.py", line 872, in save
    self.xl.Save()
    ~~~~~~~~~~~~^^
  File "E:\Satrio\Projects\MouseApp\venv\Lib\site-packages\xlwings\_xlwindows.py", line 122, in __call__
    v = self.__method(*args, **kwargs)
  File "C:\Users\LSAI-S~1\AppData\Local\Temp\gen_py\3.13\00020813-0000-0000-C000-000000000046x0x1x9.py", line 45266, in Save
    return self._oleobj_.InvokeTypes(283, LCID, 1, (24, 0), (),)
           ~~~~~~~~~~~~~~~~~~~~~~~~~^^^^^^^^^^^^^^^^^^^^^^^^^^^^
pywintypes.com_error: (-2147352567, 'Exception occurred.', (0, 'Microsoft Excel', 'Save method of Workbook class failed', 'xlmain11.chm', 0, -2146827284), None)
2026-01-07 07:55:46,450 - INFO - Start time : 2026-01-07 07:54:32
2026-01-07 07:55:46,451 - INFO - End time   : 2026-01-07 07:55:46
2026-01-07 07:55:46,451 - INFO - Elapsed    : 1m 13s
2026-01-07 07:55:46,451 - ERROR - Uncaught exception
Traceback (most recent call last):
  File "E:\Satrio\Projects\MouseApp\main.py", line 277, in <module>
    run_sales_automation()
    ~~~~~~~~~~~~~~~~~~~~^^
  File "E:\Satrio\Projects\MouseApp\main.py", line 252, in run_sales_automation
    sato.input_sales(input_date.day)
    ~~~~~~~~~~~~~~~~^^^^^^^^^^^^^^^^
  File "E:\Satrio\Projects\MouseApp\sales_auto.py", line 54, in input_sales
    daily.save()
    ~~~~~~~~~~^^
  File "E:\Satrio\Projects\MouseApp\venv\Lib\site-packages\xlwings\main.py", line 1169, in save
    self.impl.save(path, password=password)
    ~~~~~~~~~~~~~~^^^^^^^^^^^^^^^^^^^^^^^^^
  File "E:\Satrio\Projects\MouseApp\venv\Lib\site-packages\xlwings\_xlwindows.py", line 872, in save
    self.xl.Save()
    ~~~~~~~~~~~~^^
  File "E:\Satrio\Projects\MouseApp\venv\Lib\site-packages\xlwings\_xlwindows.py", line 122, in __call__
    v = self.__method(*args, **kwargs)
  File "C:\Users\LSAI-S~1\AppData\Local\Temp\gen_py\3.13\00020813-0000-0000-C000-000000000046x0x1x9.py", line 45266, in Save
    return self._oleobj_.InvokeTypes(283, LCID, 1, (24, 0), (),)
           ~~~~~~~~~~~~~~~~~~~~~~~~~^^^^^^^^^^^^^^^^^^^^^^^^^^^^
pywintypes.com_error: (-2147352567, 'Exception occurred.', (0, 'Microsoft Excel', 'Save method of Workbook class failed', 'xlmain11.chm', 0, -2146827284), None)
2026-01-08 07:53:10,742 - INFO - === Sales automation started ===
2026-01-08 07:54:16,042 - INFO - === input_sales started for day 7 ===
2026-01-08 07:54:17,366 - ERROR - Error during input_sales execution
Traceback (most recent call last):
  File "E:\Satrio\Projects\MouseApp\sales_auto.py", line 25, in input_sales
    daily = _get_or_open_wb(paths["daily_report"])
  File "E:\Satrio\Projects\MouseApp\sales_auto.py", line 93, in _get_or_open_wb
    return xw.books.open(filepath)
           ~~~~~~~~~~~~~^^^^^^^^^^
  File "E:\Satrio\Projects\MouseApp\venv\Lib\site-packages\xlwings\main.py", line 5174, in open
    raise FileNotFoundError("No such file: '%s'" % fullname)
FileNotFoundError: No such file: 'E:\1. Sales Strategy\2026\1. DAILY REPORT\1. Sales Report Jan 2026.xlsm'
2026-01-08 07:54:17,478 - INFO - === input_sales finished in 0m 1s ===
2026-01-08 07:54:17,478 - ERROR - Automation failed with an error
Traceback (most recent call last):
  File "E:\Satrio\Projects\MouseApp\main.py", line 252, in run_sales_automation
    sato.input_sales(input_date.day)
    ~~~~~~~~~~~~~~~~^^^^^^^^^^^^^^^^
  File "E:\Satrio\Projects\MouseApp\sales_auto.py", line 25, in input_sales
    daily = _get_or_open_wb(paths["daily_report"])
  File "E:\Satrio\Projects\MouseApp\sales_auto.py", line 93, in _get_or_open_wb
    return xw.books.open(filepath)
           ~~~~~~~~~~~~~^^^^^^^^^^
  File "E:\Satrio\Projects\MouseApp\venv\Lib\site-packages\xlwings\main.py", line 5174, in open
    raise FileNotFoundError("No such file: '%s'" % fullname)
FileNotFoundError: No such file: 'E:\1. Sales Strategy\2026\1. DAILY REPORT\1. Sales Report Jan 2026.xlsm'
2026-01-08 07:54:17,480 - INFO - Start time : 2026-01-08 07:53:10
2026-01-08 07:54:17,480 - INFO - End time   : 2026-01-08 07:54:17
2026-01-08 07:54:17,480 - INFO - Elapsed    : 1m 6s
2026-01-08 07:54:17,481 - ERROR - Uncaught exception
Traceback (most recent call last):
  File "E:\Satrio\Projects\MouseApp\main.py", line 277, in <module>
    run_sales_automation()
    ~~~~~~~~~~~~~~~~~~~~^^
  File "E:\Satrio\Projects\MouseApp\main.py", line 252, in run_sales_automation
    sato.input_sales(input_date.day)
    ~~~~~~~~~~~~~~~~^^^^^^^^^^^^^^^^
  File "E:\Satrio\Projects\MouseApp\sales_auto.py", line 25, in input_sales
    daily = _get_or_open_wb(paths["daily_report"])
  File "E:\Satrio\Projects\MouseApp\sales_auto.py", line 93, in _get_or_open_wb
    return xw.books.open(filepath)
           ~~~~~~~~~~~~~^^^^^^^^^^
  File "E:\Satrio\Projects\MouseApp\venv\Lib\site-packages\xlwings\main.py", line 5174, in open
    raise FileNotFoundError("No such file: '%s'" % fullname)
FileNotFoundError: No such file: 'E:\1. Sales Strategy\2026\1. DAILY REPORT\1. Sales Report Jan 2026.xlsm'
2026-01-08 07:54:46,162 - INFO - === Sales automation started ===
2026-01-08 07:55:45,249 - INFO - === input_sales started for day 7 ===
2026-01-08 07:56:00,026 - INFO - Daily report saved and closed
2026-01-08 07:56:00,419 - INFO - === input_sales finished in 0m 15s ===
2026-01-08 07:56:02,143 - INFO - === Sales automation finished successfully ===
2026-01-08 07:56:02,143 - INFO - Start time : 2026-01-08 07:54:46
2026-01-08 07:56:02,143 - INFO - End time   : 2026-01-08 07:56:02
2026-01-08 07:56:02,144 - INFO - Elapsed    : 1m 15s
2026-01-08 07:58:27,145 - INFO - Script started
2026-01-08 07:58:27,217 - INFO - Opening workbook → E:\1. Sales Strategy\2026\1. DAILY REPORT\260107★ 26년 1월 해외점포 실적동향 (자카르탇점).xlsx
2026-01-08 07:58:27,599 - ERROR - Uncaught exception
Traceback (most recent call last):
  File "E:\Satrio\Projects\MouseApp\daily_report.py", line 108, in <module>
    main()
    ~~~~^^
  File "E:\Satrio\Projects\MouseApp\daily_report.py", line 101, in main
    daily_2(daily_sales_report, input_sheet, revenue_sheet)
    ~~~~~~~^^^^^^^^^^^^^^^^^^^^^^^^^^^^^^^^^^^^^^^^^^^^^^^^
  File "E:\Satrio\Projects\MouseApp\daily_report.py", line 44, in daily_2
    wb, app, new_app = get_or_open_wb(final_filename)
                       ~~~~~~~~~~~~~~^^^^^^^^^^^^^^^^
  File "E:\Satrio\Projects\MouseApp\daily_report.py", line 22, in get_or_open_wb
    wb = app.books.open(filepath)
  File "E:\Satrio\Projects\MouseApp\venv\Lib\site-packages\xlwings\main.py", line 5174, in open
    raise FileNotFoundError("No such file: '%s'" % fullname)
FileNotFoundError: No such file: 'E:\1. Sales Strategy\2026\1. DAILY REPORT\260107★ 26년 1월 해외점포 실적동향 (자카르탇점).xlsx'
2026-01-08 07:58:55,093 - INFO - Script started
2026-01-08 07:58:55,167 - INFO - Opening workbook → E:\1. Sales Strategy\2026\1. DAILY REPORT\260107★ 26년 1월 해외점포 실적동향 (자카르탇점).xlsx
2026-01-08 07:58:55,554 - ERROR - Uncaught exception
Traceback (most recent call last):
  File "E:\Satrio\Projects\MouseApp\daily_report.py", line 108, in <module>
    main()
    ~~~~^^
  File "E:\Satrio\Projects\MouseApp\daily_report.py", line 101, in main
    daily_2(daily_sales_report, input_sheet, revenue_sheet)
    ~~~~~~~^^^^^^^^^^^^^^^^^^^^^^^^^^^^^^^^^^^^^^^^^^^^^^^^
  File "E:\Satrio\Projects\MouseApp\daily_report.py", line 44, in daily_2
    wb, app, new_app = get_or_open_wb(final_filename)
                       ~~~~~~~~~~~~~~^^^^^^^^^^^^^^^^
  File "E:\Satrio\Projects\MouseApp\daily_report.py", line 22, in get_or_open_wb
    wb = app.books.open(filepath)
  File "E:\Satrio\Projects\MouseApp\venv\Lib\site-packages\xlwings\main.py", line 5174, in open
    raise FileNotFoundError("No such file: '%s'" % fullname)
FileNotFoundError: No such file: 'E:\1. Sales Strategy\2026\1. DAILY REPORT\260107★ 26년 1월 해외점포 실적동향 (자카르탇점).xlsx'
2026-01-08 07:59:35,276 - INFO - Script started
2026-01-08 07:59:35,353 - INFO - Opening workbook → E:\1. Sales Strategy\2026\1. DAILY REPORT\260107★ 26년 1월 해외점포 실적동향 (자카르탇점).xlsx
2026-01-08 07:59:35,766 - ERROR - Uncaught exception
Traceback (most recent call last):
  File "E:\Satrio\Projects\MouseApp\daily_report.py", line 108, in <module>
    main()
    ~~~~^^
  File "E:\Satrio\Projects\MouseApp\daily_report.py", line 101, in main
    daily_2(daily_sales_report, input_sheet, revenue_sheet)
    ~~~~~~~^^^^^^^^^^^^^^^^^^^^^^^^^^^^^^^^^^^^^^^^^^^^^^^^
  File "E:\Satrio\Projects\MouseApp\daily_report.py", line 44, in daily_2
    wb, app, new_app = get_or_open_wb(final_filename)
                       ~~~~~~~~~~~~~~^^^^^^^^^^^^^^^^
  File "E:\Satrio\Projects\MouseApp\daily_report.py", line 22, in get_or_open_wb
    wb = app.books.open(filepath)
  File "E:\Satrio\Projects\MouseApp\venv\Lib\site-packages\xlwings\main.py", line 5174, in open
    raise FileNotFoundError("No such file: '%s'" % fullname)
FileNotFoundError: No such file: 'E:\1. Sales Strategy\2026\1. DAILY REPORT\260107★ 26년 1월 해외점포 실적동향 (자카르탇점).xlsx'
2026-01-08 07:59:51,820 - INFO - Script started
2026-01-08 07:59:51,901 - INFO - Opening workbook → E:\1. Sales Strategy\2026\1. DAILY REPORT\260107★ 26년 1월 해외점포 실적동향 (자카르탇점).xlsx
2026-01-08 07:59:53,132 - INFO - Workbook already open → E:\1. Sales Strategy\2026\1. DAILY REPORT\1. Sales Report Jan 2026.xlsm
2026-01-08 07:59:53,213 - INFO - input row: 12, value: 140.017294, last_row: 37
2026-01-08 07:59:53,848 - INFO - Script running succesfully, finished in 2.03 seconds
2026-01-09 07:51:39,086 - INFO - === Sales automation started ===
2026-01-09 07:52:52,545 - INFO - === input_sales started for day 8 ===
2026-01-09 07:53:09,776 - INFO - Daily report saved and closed
2026-01-09 07:53:10,287 - INFO - === input_sales finished in 0m 17s ===
2026-01-09 07:53:11,455 - INFO - === Sales automation finished successfully ===
2026-01-09 07:53:11,456 - INFO - Start time : 2026-01-09 07:51:39
2026-01-09 07:53:11,456 - INFO - End time   : 2026-01-09 07:53:11
2026-01-09 07:53:11,456 - INFO - Elapsed    : 1m 32s
2026-01-09 08:01:52,460 - INFO - Script started
2026-01-09 08:01:52,674 - INFO - Opening workbook → E:\1. Sales Strategy\2026\1. DAILY REPORT\260108★ 26년 1월 해외점포 실적동향 (자카르탇점).xlsx
2026-01-09 08:01:54,959 - INFO - Workbook already open → E:\1. Sales Strategy\2026\1. DAILY REPORT\1. Sales Report Jan 2026.xlsm
2026-01-09 08:01:55,039 - INFO - input row: 13, value: 135.9847292, last_row: 37
2026-01-09 08:01:55,777 - INFO - Script running succesfully, finished in 3.32 seconds
2026-01-11 22:49:54,814 - INFO - === Sales automation started ===
2026-01-11 22:51:01,524 - INFO - === input_sales started for day 9 ===
2026-01-11 22:51:16,024 - INFO - Daily report saved and closed
2026-01-11 22:51:16,473 - INFO - === input_sales finished in 0m 14s ===
2026-01-11 22:51:40,447 - INFO - === Sales automation finished successfully ===
2026-01-11 22:51:40,447 - INFO - Start time : 2026-01-11 22:49:54
2026-01-11 22:51:40,447 - INFO - End time   : 2026-01-11 22:51:40
2026-01-11 22:51:40,448 - INFO - Elapsed    : 1m 45s
2026-01-11 22:52:00,182 - INFO - === Sales automation started ===
2026-01-11 22:52:20,265 - INFO - Start time : 2026-01-11 22:52:00
2026-01-11 22:52:20,265 - INFO - End time   : 2026-01-11 22:52:20
2026-01-11 22:52:20,265 - INFO - Elapsed    : 0m 20s
2026-01-11 22:52:34,684 - INFO - === Sales automation started ===
2026-01-11 22:53:18,191 - INFO - Start time : 2026-01-11 22:52:34
2026-01-11 22:53:18,191 - INFO - End time   : 2026-01-11 22:53:18
2026-01-11 22:53:18,191 - INFO - Elapsed    : 0m 43s
2026-01-11 22:53:54,170 - INFO - === Sales automation started ===
2026-01-11 22:54:33,150 - INFO - Start time : 2026-01-11 22:53:54
2026-01-11 22:54:33,151 - INFO - End time   : 2026-01-11 22:54:33
2026-01-11 22:54:33,151 - INFO - Elapsed    : 0m 38s
2026-01-13 08:01:44,779 - INFO - === Sales automation started ===
2026-01-13 08:02:55,087 - INFO - === input_sales started for day 12 ===
2026-01-13 08:03:10,585 - INFO - Daily report saved and closed
2026-01-13 08:03:10,960 - INFO - === input_sales finished in 0m 15s ===
2026-01-13 08:03:21,361 - INFO - === Sales automation finished successfully ===
2026-01-13 08:03:21,361 - INFO - Start time : 2026-01-13 08:01:44
2026-01-13 08:03:21,361 - INFO - End time   : 2026-01-13 08:03:21
2026-01-13 08:03:21,362 - INFO - Elapsed    : 1m 36s
2026-01-13 08:08:22,024 - INFO - Script started
2026-01-13 08:08:22,087 - INFO - Opening workbook → E:\1. Sales Strategy\2026\1. DAILY REPORT\260112★ 26년 1월 해외점포 실적동향 (자카르탇점).xlsx
2026-01-13 08:08:23,334 - INFO - Workbook already open → E:\1. Sales Strategy\2026\1. DAILY REPORT\1. Sales Report Jan 2026.xlsm
2026-01-13 08:08:23,414 - INFO - input row: 17, value: 124.0611988, last_row: 37
2026-01-13 08:08:23,869 - INFO - Script running succesfully, finished in 1.84 seconds
2026-01-14 08:14:15,089 - INFO - === Sales automation started ===
2026-01-14 08:14:35,233 - INFO - Start time : 2026-01-14 08:14:15
2026-01-14 08:14:35,233 - INFO - End time   : 2026-01-14 08:14:35
2026-01-14 08:14:35,233 - INFO - Elapsed    : 0m 20s
2026-01-14 08:14:47,206 - INFO - === Sales automation started ===
2026-01-14 08:15:47,682 - INFO - === input_sales started for day 13 ===
2026-01-14 08:16:05,906 - INFO - Daily report saved and closed
2026-01-14 08:16:06,313 - INFO - === input_sales finished in 0m 18s ===
2026-01-14 08:16:10,570 - INFO - === Sales automation finished successfully ===
2026-01-14 08:16:10,570 - INFO - Start time : 2026-01-14 08:14:47
2026-01-14 08:16:10,570 - INFO - End time   : 2026-01-14 08:16:10
2026-01-14 08:16:10,571 - INFO - Elapsed    : 1m 23s
2026-01-14 08:20:03,173 - INFO - Script started
2026-01-14 08:20:03,240 - INFO - Opening workbook → E:\1. Sales Strategy\2026\1. DAILY REPORT\260113★ 26년 1월 해외점포 실적동향 (자카르탇점).xlsx
2026-01-14 08:20:04,540 - INFO - Workbook already open → E:\1. Sales Strategy\2026\1. DAILY REPORT\1. Sales Report Jan 2026.xlsm
2026-01-14 08:20:04,621 - INFO - input row: 18, value: 136.1047576, last_row: 37
2026-01-14 08:20:05,128 - INFO - Script running succesfully, finished in 1.95 seconds
2026-01-15 08:03:47,270 - INFO - === Sales automation started ===
2026-01-15 08:04:10,175 - INFO - Start time : 2026-01-15 08:03:47
2026-01-15 08:04:10,176 - INFO - End time   : 2026-01-15 08:04:10
2026-01-15 08:04:10,176 - INFO - Elapsed    : 0m 22s
2026-01-15 08:04:12,223 - INFO - === Sales automation started ===
2026-01-15 08:05:15,941 - INFO - === input_sales started for day 14 ===
2026-01-15 08:05:29,754 - INFO - Daily report saved and closed
2026-01-15 08:05:30,119 - INFO - === input_sales finished in 0m 14s ===
2026-01-15 08:05:32,707 - INFO - === Sales automation finished successfully ===
2026-01-15 08:05:32,707 - INFO - Start time : 2026-01-15 08:04:12
2026-01-15 08:05:32,708 - INFO - End time   : 2026-01-15 08:05:32
2026-01-15 08:05:32,708 - INFO - Elapsed    : 1m 20s
2026-01-15 08:16:05,742 - INFO - Script started
2026-01-15 08:16:05,776 - INFO - Opening workbook → E:\1. Sales Strategy\2026\1. DAILY REPORT\260114★ 26년 1월 해외점포 실적동향 (자카르탇점).xlsx
2026-01-15 08:16:08,198 - INFO - Workbook already open → E:\1. Sales Strategy\2026\1. DAILY REPORT\1. Sales Report Jan 2026.xlsm
2026-01-15 08:16:08,267 - INFO - input row: 20, value: 142.13846, last_row: 38
2026-01-15 08:16:08,880 - INFO - Script running succesfully, finished in 3.14 seconds
2026-01-15 23:12:55,561 - INFO - === Sales automation started ===
2026-01-15 23:14:08,208 - INFO - === input_sales started for day 15 ===
2026-01-15 23:14:22,468 - INFO - Daily report saved and closed
2026-01-15 23:14:22,913 - INFO - === input_sales finished in 0m 14s ===
2026-01-15 23:14:24,327 - INFO - === Sales automation finished successfully ===
2026-01-15 23:14:24,328 - INFO - Start time : 2026-01-15 23:12:55
2026-01-15 23:14:24,328 - INFO - End time   : 2026-01-15 23:14:24
2026-01-15 23:14:24,328 - INFO - Elapsed    : 1m 28s
2026-01-18 22:29:19,004 - INFO - === Sales automation started ===
2026-01-18 22:30:48,342 - INFO - Start time : 2026-01-18 22:29:19
2026-01-18 22:30:48,342 - INFO - End time   : 2026-01-18 22:30:48
2026-01-18 22:30:48,342 - INFO - Elapsed    : 1m 29s
2026-01-18 22:31:12,998 - INFO - === Sales automation started ===
2026-01-18 22:31:57,357 - INFO - Start time : 2026-01-18 22:31:12
2026-01-18 22:31:57,357 - INFO - End time   : 2026-01-18 22:31:57
2026-01-18 22:31:57,358 - INFO - Elapsed    : 0m 44s
2026-01-18 22:32:18,770 - INFO - === Sales automation started ===
2026-01-18 22:32:57,859 - INFO - Start time : 2026-01-18 22:32:18
2026-01-18 22:32:57,860 - INFO - End time   : 2026-01-18 22:32:57
2026-01-18 22:32:57,860 - INFO - Elapsed    : 0m 39s
2026-01-18 22:34:05,129 - INFO - === Sales automation started ===
2026-01-18 22:34:42,924 - INFO - Start time : 2026-01-18 22:34:05
2026-01-18 22:34:42,925 - INFO - End time   : 2026-01-18 22:34:42
2026-01-18 22:34:42,925 - INFO - Elapsed    : 0m 37s
2026-01-18 22:35:29,138 - INFO - === Sales automation started ===
2026-01-18 22:36:06,913 - INFO - Start time : 2026-01-18 22:35:29
2026-01-18 22:36:06,913 - INFO - End time   : 2026-01-18 22:36:06
2026-01-18 22:36:06,913 - INFO - Elapsed    : 0m 37s
2026-01-19 09:21:20,735 - INFO - === Sales automation started ===
2026-01-19 09:21:59,321 - INFO - Start time : 2026-01-19 09:21:20
2026-01-19 09:21:59,321 - INFO - End time   : 2026-01-19 09:21:59
2026-01-19 09:21:59,321 - INFO - Elapsed    : 0m 38s
2026-01-19 09:22:11,177 - INFO - === Sales automation started ===
2026-01-19 09:23:23,989 - INFO - === input_sales started for day 18 ===
2026-01-19 09:23:25,145 - INFO - Workbook already open.
2026-01-19 09:23:34,549 - INFO - Daily report saved and closed
2026-01-19 09:23:34,975 - INFO - === input_sales finished in 0m 10s ===
2026-01-19 09:23:36,274 - INFO - === Sales automation finished successfully ===
2026-01-19 09:23:36,274 - INFO - Start time : 2026-01-19 09:22:11
2026-01-19 09:23:36,274 - INFO - End time   : 2026-01-19 09:23:36
2026-01-19 09:23:36,274 - INFO - Elapsed    : 1m 25s
